[{"name":"Aarstr.","postalCode":"65232","locality":"Taunusstein","municipality":{"key":"06439015","name":"Taunusstein, Stadt","type":"Stadt"},"district":{"key":"06439","name":"Rheingau-Taunus-Kreis","type":"Landkreis"},"federalState":{"key":"06","name":"Hessen"}},{"name":"Abteilungslinie","postalCode":"65232","locality":"Taunusstein","municipality":{"key":"06439015","name":"Taunusstein, Stadt","type":"Stadt"},"district":{"key":"06439","name":"Rheingau-Taunus-Kreis","type":"Landkreis"},"federalState":{"key":"06","name":"Hessen"}},{"name":"Adalbert-Stifter-Str.","postalCode":"65232","locality":"Taunusstein","municipality":{"key":"06439015","name":"Taunusstein, Stadt","type":"Stadt"},"district":{"key":"06439","name":"Rheingau-Taunus-Kreis","type":"Landkreis"},"federalState":{"key":"06","name":"Hessen"}},{"name":"Adolfstr.","postalCode":"65232","locality":"Taunusstein","municipality":{"key":"06439015","name":"Taunusstein, Stadt","type":"Stadt"},"district":{"key":"06439","name":"Rheingau-Taunus-Kreis","type":"Landkreis"},"federalState":{"key":"06","name":"Hessen"}},{"name":"Albert-Schweitzer-Str.","postalCode":"65232","locality":"Taunusstein","municipality":{"key":"06439015","name":"Taunusstein, Stadt","type":"Stadt"},"district":{"key":"06439","name":"Rheingau-Taunus-Kreis","type":"Landkreis"},"federalState":{"key":"06","name":"Hessen"}},{"name":"Alemannenweg","postalCode":"65232","locality":"Taunusstein","municipality":{"key":"06439015","name":"Taunusstein, Stadt","type":"Stadt"},"district":{"key":"06439","name":"Rheingau-Taunus-Kreis","type":"Landkreis"},"federalState":{"key":"06","name":"Hessen"}},{"name":"Alfred-Delp-Str.","postalCode":"65232","locality":"Taunusstein","municipality":{"key":"06439015","name":"Taunusstein, Stadt","type":"Stadt"},"district":{"key":"06439","name":"Rheingau-Taunus-Kreis","type":"Landkreis"},"federalState":{"key":"06","name":"Hessen"}},{"name":"Alte Idsteiner Str.","postalCode":"65232","locality":"Taunusstein","municipality":{"key":"06439015","name":"Taunusstein, Stadt","type":"Stadt"},"district":{"key":"06439","name":"Rheingau-Taunus-Kreis","type":"Landkreis"},"federalState":{"key":"06","name":"Hessen"}},{"name":"Altensteiner Str.","postalCode":"65232","locality":"Taunusstein","municipality":{"key":"06439015","name":"Taunusstein, Stadt","type":"Stadt"},"district":{"key":"06439","name":"Rheingau-Taunus-Kreis","type":"Landkreis"},"federalState":{"key":"06","name":"Hessen"}},{"name":"Alter Orler Weg","postalCode":"65232","locality":"Taunusstein","municipality":{"key":"06439015","name":"Taunusstein, Stadt","type":"Stadt"},"district":{"key":"06439","name":"Rheingau-Taunus-Kreis","type":"Landkreis"},"federalState":{"key":"06","name":"Hessen"}},{"name":"Alter Wehener Weg","postalCode":"65232","locality":"Taunusstein","municipality":{"key":"06439015","name":"Taunusstein, Stadt","type":"Stadt"},"district":{"key":"06439","name":"Rheingau-Taunus-Kreis","type":"Landkreis"},"federalState":{"key":"06","name":"Hessen"}},{"name":"Alte Schmiede","postalCode":"65232","locality":"Taunusstein","municipality":{"key":"06439015","name":"Taunusstein, Stadt","type":"Stadt"},"district":{"key":"06439","name":"Rheingau-Taunus-Kreis","type":"Landkreis"},"federalState":{"key":"06","name":"Hessen"}},{"name":"Am Alten Forsthaus","postalCode":"65232","locality":"Taunusstein","municipality":{"key":"06439015","name":"Taunusstein, Stadt","type":"Stadt"},"district":{"key":"06439","name":"Rheingau-Taunus-Kreis","type":"Landkreis"},"federalState":{"key":"06","name":"Hessen"}},{"name":"Am alten Sportplatz","postalCode":"65232","locality":"Taunusstein","municipality":{"key":"06439015","name":"Taunusstein, Stadt","type":"Stadt"},"district":{"key":"06439","name":"Rheingau-Taunus-Kreis","type":"Landkreis"},"federalState":{"key":"06","name":"Hessen"}},{"name":"Am Bettelmannsbaum","postalCode":"65232","locality":"Taunusstein","municipality":{"key":"06439015","name":"Taunusstein, Stadt","type":"Stadt"},"district":{"key":"06439","name":"Rheingau-Taunus-Kreis","type":"Landkreis"},"federalState":{"key":"06","name":"Hessen"}},{"name":"Am Dorfplatz","postalCode":"65232","locality":"Taunusstein","municipality":{"key":"06439015","name":"Taunusstein, Stadt","type":"Stadt"},"district":{"key":"06439","name":"Rheingau-Taunus-Kreis","type":"Landkreis"},"federalState":{"key":"06","name":"Hessen"}},{"name":"Am Ehrenmal","postalCode":"65232","locality":"Taunusstein","municipality":{"key":"06439015","name":"Taunusstein, Stadt","type":"Stadt"},"district":{"key":"06439","name":"Rheingau-Taunus-Kreis","type":"Landkreis"},"federalState":{"key":"06","name":"Hessen"}},{"name":"Am Haferstück","postalCode":"65232","locality":"Taunusstein","municipality":{"key":"06439015","name":"Taunusstein, Stadt","type":"Stadt"},"district":{"key":"06439","name":"Rheingau-Taunus-Kreis","type":"Landkreis"},"federalState":{"key":"06","name":"Hessen"}},{"name":"Am Heiligenhaus","postalCode":"65232","locality":"Taunusstein","municipality":{"key":"06439015","name":"Taunusstein, Stadt","type":"Stadt"},"district":{"key":"06439","name":"Rheingau-Taunus-Kreis","type":"Landkreis"},"federalState":{"key":"06","name":"Hessen"}},{"name":"Am Hirschpark","postalCode":"65232","locality":"Taunusstein","municipality":{"key":"06439015","name":"Taunusstein, Stadt","type":"Stadt"},"district":{"key":"06439","name":"Rheingau-Taunus-Kreis","type":"Landkreis"},"federalState":{"key":"06","name":"Hessen"}},{"name":"Am Hopfengarten","postalCode":"65232","locality":"Taunusstein","municipality":{"key":"06439015","name":"Taunusstein, Stadt","type":"Stadt"},"district":{"key":"06439","name":"Rheingau-Taunus-Kreis","type":"Landkreis"},"federalState":{"key":"06","name":"Hessen"}},{"name":"Am Hopfenstein","postalCode":"65232","locality":"Taunusstein","municipality":{"key":"06439015","name":"Taunusstein, Stadt","type":"Stadt"},"district":{"key":"06439","name":"Rheingau-Taunus-Kreis","type":"Landkreis"},"federalState":{"key":"06","name":"Hessen"}},{"name":"Am Kloppenheimer Rain","postalCode":"65232","locality":"Taunusstein","municipality":{"key":"06439015","name":"Taunusstein, Stadt","type":"Stadt"},"district":{"key":"06439","name":"Rheingau-Taunus-Kreis","type":"Landkreis"},"federalState":{"key":"06","name":"Hessen"}},{"name":"Am Knittelberg","postalCode":"65232","locality":"Taunusstein","municipality":{"key":"06439015","name":"Taunusstein, Stadt","type":"Stadt"},"district":{"key":"06439","name":"Rheingau-Taunus-Kreis","type":"Landkreis"},"federalState":{"key":"06","name":"Hessen"}},{"name":"Am Lauterbach","postalCode":"65232","locality":"Taunusstein","municipality":{"key":"06439015","name":"Taunusstein, Stadt","type":"Stadt"},"district":{"key":"06439","name":"Rheingau-Taunus-Kreis","type":"Landkreis"},"federalState":{"key":"06","name":"Hessen"}},{"name":"Am Markt","postalCode":"65232","locality":"Taunusstein","municipality":{"key":"06439015","name":"Taunusstein, Stadt","type":"Stadt"},"district":{"key":"06439","name":"Rheingau-Taunus-Kreis","type":"Landkreis"},"federalState":{"key":"06","name":"Hessen"}},{"name":"Am Marktplatz","postalCode":"65232","locality":"Taunusstein","municipality":{"key":"06439015","name":"Taunusstein, Stadt","type":"Stadt"},"district":{"key":"06439","name":"Rheingau-Taunus-Kreis","type":"Landkreis"},"federalState":{"key":"06","name":"Hessen"}},{"name":"Am Orlener Stock","postalCode":"65232","locality":"Taunusstein","municipality":{"key":"06439015","name":"Taunusstein, Stadt","type":"Stadt"},"district":{"key":"06439","name":"Rheingau-Taunus-Kreis","type":"Landkreis"},"federalState":{"key":"06","name":"Hessen"}},{"name":"Am Pfingstborn","postalCode":"65232","locality":"Taunusstein","municipality":{"key":"06439015","name":"Taunusstein, Stadt","type":"Stadt"},"district":{"key":"06439","name":"Rheingau-Taunus-Kreis","type":"Landkreis"},"federalState":{"key":"06","name":"Hessen"}},{"name":"Am Platter Hof","postalCode":"65232","locality":"Taunusstein","municipality":{"key":"06439015","name":"Taunusstein, Stadt","type":"Stadt"},"district":{"key":"06439","name":"Rheingau-Taunus-Kreis","type":"Landkreis"},"federalState":{"key":"06","name":"Hessen"}},{"name":"Am Reiterhof Platte","postalCode":"65232","locality":"Taunusstein","municipality":{"key":"06439015","name":"Taunusstein, Stadt","type":"Stadt"},"district":{"key":"06439","name":"Rheingau-Taunus-Kreis","type":"Landkreis"},"federalState":{"key":"06","name":"Hessen"}},{"name":"Am Schillberg","postalCode":"65232","locality":"Taunusstein","municipality":{"key":"06439015","name":"Taunusstein, Stadt","type":"Stadt"},"district":{"key":"06439","name":"Rheingau-Taunus-Kreis","type":"Landkreis"},"federalState":{"key":"06","name":"Hessen"}},{"name":"Am Segelflugplatz","postalCode":"65232","locality":"Taunusstein","municipality":{"key":"06439015","name":"Taunusstein, Stadt","type":"Stadt"},"district":{"key":"06439","name":"Rheingau-Taunus-Kreis","type":"Landkreis"},"federalState":{"key":"06","name":"Hessen"}},{"name":"Amselweg","postalCode":"65232","locality":"Taunusstein","municipality":{"key":"06439015","name":"Taunusstein, Stadt","type":"Stadt"},"district":{"key":"06439","name":"Rheingau-Taunus-Kreis","type":"Landkreis"},"federalState":{"key":"06","name":"Hessen"}},{"name":"Am Sonnenhang","postalCode":"65232","locality":"Taunusstein","municipality":{"key":"06439015","name":"Taunusstein, Stadt","type":"Stadt"},"district":{"key":"06439","name":"Rheingau-Taunus-Kreis","type":"Landkreis"},"federalState":{"key":"06","name":"Hessen"}},{"name":"Am Storchengraben","postalCode":"65232","locality":"Taunusstein","municipality":{"key":"06439015","name":"Taunusstein, Stadt","type":"Stadt"},"district":{"key":"06439","name":"Rheingau-Taunus-Kreis","type":"Landkreis"},"federalState":{"key":"06","name":"Hessen"}},{"name":"Am Tanzplatz","postalCode":"65232","locality":"Taunusstein","municipality":{"key":"06439015","name":"Taunusstein, Stadt","type":"Stadt"},"district":{"key":"06439","name":"Rheingau-Taunus-Kreis","type":"Landkreis"},"federalState":{"key":"06","name":"Hessen"}},{"name":"Amtsstr.","postalCode":"65232","locality":"Taunusstein","municipality":{"key":"06439015","name":"Taunusstein, Stadt","type":"Stadt"},"district":{"key":"06439","name":"Rheingau-Taunus-Kreis","type":"Landkreis"},"federalState":{"key":"06","name":"Hessen"}},{"name":"Am Waldrand","postalCode":"65232","locality":"Taunusstein","municipality":{"key":"06439015","name":"Taunusstein, Stadt","type":"Stadt"},"district":{"key":"06439","name":"Rheingau-Taunus-Kreis","type":"Landkreis"},"federalState":{"key":"06","name":"Hessen"}},{"name":"Am Wurzelbach","postalCode":"65232","locality":"Taunusstein","municipality":{"key":"06439015","name":"Taunusstein, Stadt","type":"Stadt"},"district":{"key":"06439","name":"Rheingau-Taunus-Kreis","type":"Landkreis"},"federalState":{"key":"06","name":"Hessen"}},{"name":"Am Zugmantel","postalCode":"65232","locality":"Taunusstein","municipality":{"key":"06439015","name":"Taunusstein, Stadt","type":"Stadt"},"district":{"key":"06439","name":"Rheingau-Taunus-Kreis","type":"Landkreis"},"federalState":{"key":"06","name":"Hessen"}},{"name":"An den Freiäckern","postalCode":"65232","locality":"Taunusstein","municipality":{"key":"06439015","name":"Taunusstein, Stadt","type":"Stadt"},"district":{"key":"06439","name":"Rheingau-Taunus-Kreis","type":"Landkreis"},"federalState":{"key":"06","name":"Hessen"}},{"name":"An der Heckenmühle","postalCode":"65232","locality":"Taunusstein","municipality":{"key":"06439015","name":"Taunusstein, Stadt","type":"Stadt"},"district":{"key":"06439","name":"Rheingau-Taunus-Kreis","type":"Landkreis"},"federalState":{"key":"06","name":"Hessen"}},{"name":"An der Schmelze","postalCode":"65232","locality":"Taunusstein","municipality":{"key":"06439015","name":"Taunusstein, Stadt","type":"Stadt"},"district":{"key":"06439","name":"Rheingau-Taunus-Kreis","type":"Landkreis"},"federalState":{"key":"06","name":"Hessen"}},{"name":"An der Schmidtsei","postalCode":"65232","locality":"Taunusstein","municipality":{"key":"06439015","name":"Taunusstein, Stadt","type":"Stadt"},"district":{"key":"06439","name":"Rheingau-Taunus-Kreis","type":"Landkreis"},"federalState":{"key":"06","name":"Hessen"}},{"name":"An der Steinkaut","postalCode":"65232","locality":"Taunusstein","municipality":{"key":"06439015","name":"Taunusstein, Stadt","type":"Stadt"},"district":{"key":"06439","name":"Rheingau-Taunus-Kreis","type":"Landkreis"},"federalState":{"key":"06","name":"Hessen"}},{"name":"Anton-Günther-Str.","postalCode":"65232","locality":"Taunusstein","municipality":{"key":"06439015","name":"Taunusstein, Stadt","type":"Stadt"},"district":{"key":"06439","name":"Rheingau-Taunus-Kreis","type":"Landkreis"},"federalState":{"key":"06","name":"Hessen"}},{"name":"Arndtstr.","postalCode":"65232","locality":"Taunusstein","municipality":{"key":"06439015","name":"Taunusstein, Stadt","type":"Stadt"},"district":{"key":"06439","name":"Rheingau-Taunus-Kreis","type":"Landkreis"},"federalState":{"key":"06","name":"Hessen"}},{"name":"Arthur-Fuhr-Str.","postalCode":"65232","locality":"Taunusstein","municipality":{"key":"06439015","name":"Taunusstein, Stadt","type":"Stadt"},"district":{"key":"06439","name":"Rheingau-Taunus-Kreis","type":"Landkreis"},"federalState":{"key":"06","name":"Hessen"}},{"name":"Asternweg","postalCode":"65232","locality":"Taunusstein","municipality":{"key":"06439015","name":"Taunusstein, Stadt","type":"Stadt"},"district":{"key":"06439","name":"Rheingau-Taunus-Kreis","type":"Landkreis"},"federalState":{"key":"06","name":"Hessen"}},{"name":"Bachstr.","postalCode":"65232","locality":"Taunusstein","municipality":{"key":"06439015","name":"Taunusstein, Stadt","type":"Stadt"},"district":{"key":"06439","name":"Rheingau-Taunus-Kreis","type":"Landkreis"},"federalState":{"key":"06","name":"Hessen"}},{"name":"Backesplatz","postalCode":"65232","locality":"Taunusstein","municipality":{"key":"06439015","name":"Taunusstein, Stadt","type":"Stadt"},"district":{"key":"06439","name":"Rheingau-Taunus-Kreis","type":"Landkreis"},"federalState":{"key":"06","name":"Hessen"}},{"name":"Bahnhofstr.","postalCode":"65232","locality":"Taunusstein","municipality":{"key":"06439015","name":"Taunusstein, Stadt","type":"Stadt"},"district":{"key":"06439","name":"Rheingau-Taunus-Kreis","type":"Landkreis"},"federalState":{"key":"06","name":"Hessen"}},{"name":"Barbarastr.","postalCode":"65232","locality":"Taunusstein","municipality":{"key":"06439015","name":"Taunusstein, Stadt","type":"Stadt"},"district":{"key":"06439","name":"Rheingau-Taunus-Kreis","type":"Landkreis"},"federalState":{"key":"06","name":"Hessen"}},{"name":"Baumgartenstr.","postalCode":"65232","locality":"Taunusstein","municipality":{"key":"06439015","name":"Taunusstein, Stadt","type":"Stadt"},"district":{"key":"06439","name":"Rheingau-Taunus-Kreis","type":"Landkreis"},"federalState":{"key":"06","name":"Hessen"}},{"name":"Beethovenstr.","postalCode":"65232","locality":"Taunusstein","municipality":{"key":"06439015","name":"Taunusstein, Stadt","type":"Stadt"},"district":{"key":"06439","name":"Rheingau-Taunus-Kreis","type":"Landkreis"},"federalState":{"key":"06","name":"Hessen"}},{"name":"Bergstr.","postalCode":"65232","locality":"Taunusstein","municipality":{"key":"06439015","name":"Taunusstein, Stadt","type":"Stadt"},"district":{"key":"06439","name":"Rheingau-Taunus-Kreis","type":"Landkreis"},"federalState":{"key":"06","name":"Hessen"}},{"name":"Bergweg","postalCode":"65232","locality":"Taunusstein","municipality":{"key":"06439015","name":"Taunusstein, Stadt","type":"Stadt"},"district":{"key":"06439","name":"Rheingau-Taunus-Kreis","type":"Landkreis"},"federalState":{"key":"06","name":"Hessen"}},{"name":"Berliner Str.","postalCode":"65232","locality":"Taunusstein","municipality":{"key":"06439015","name":"Taunusstein, Stadt","type":"Stadt"},"district":{"key":"06439","name":"Rheingau-Taunus-Kreis","type":"Landkreis"},"federalState":{"key":"06","name":"Hessen"}},{"name":"Bernsbacher Str.","postalCode":"65232","locality":"Taunusstein","municipality":{"key":"06439015","name":"Taunusstein, Stadt","type":"Stadt"},"district":{"key":"06439","name":"Rheingau-Taunus-Kreis","type":"Landkreis"},"federalState":{"key":"06","name":"Hessen"}},{"name":"Birkenstr.","postalCode":"65232","locality":"Taunusstein","municipality":{"key":"06439015","name":"Taunusstein, Stadt","type":"Stadt"},"district":{"key":"06439","name":"Rheingau-Taunus-Kreis","type":"Landkreis"},"federalState":{"key":"06","name":"Hessen"}},{"name":"Bleichstr.","postalCode":"65232","locality":"Taunusstein","municipality":{"key":"06439015","name":"Taunusstein, Stadt","type":"Stadt"},"district":{"key":"06439","name":"Rheingau-Taunus-Kreis","type":"Landkreis"},"federalState":{"key":"06","name":"Hessen"}},{"name":"Bleidenstadter Str.","postalCode":"65232","locality":"Taunusstein","municipality":{"key":"06439015","name":"Taunusstein, Stadt","type":"Stadt"},"district":{"key":"06439","name":"Rheingau-Taunus-Kreis","type":"Landkreis"},"federalState":{"key":"06","name":"Hessen"}},{"name":"Blumenstr.","postalCode":"65232","locality":"Taunusstein","municipality":{"key":"06439015","name":"Taunusstein, Stadt","type":"Stadt"},"district":{"key":"06439","name":"Rheingau-Taunus-Kreis","type":"Landkreis"},"federalState":{"key":"06","name":"Hessen"}},{"name":"Borner Str.","postalCode":"65232","locality":"Taunusstein","municipality":{"key":"06439015","name":"Taunusstein, Stadt","type":"Stadt"},"district":{"key":"06439","name":"Rheingau-Taunus-Kreis","type":"Landkreis"},"federalState":{"key":"06","name":"Hessen"}},{"name":"Bornpfad","postalCode":"65232","locality":"Taunusstein","municipality":{"key":"06439015","name":"Taunusstein, Stadt","type":"Stadt"},"district":{"key":"06439","name":"Rheingau-Taunus-Kreis","type":"Landkreis"},"federalState":{"key":"06","name":"Hessen"}},{"name":"Bornwiese","postalCode":"65232","locality":"Taunusstein","municipality":{"key":"06439015","name":"Taunusstein, Stadt","type":"Stadt"},"district":{"key":"06439","name":"Rheingau-Taunus-Kreis","type":"Landkreis"},"federalState":{"key":"06","name":"Hessen"}},{"name":"Brachwiese","postalCode":"65232","locality":"Taunusstein","municipality":{"key":"06439015","name":"Taunusstein, Stadt","type":"Stadt"},"district":{"key":"06439","name":"Rheingau-Taunus-Kreis","type":"Landkreis"},"federalState":{"key":"06","name":"Hessen"}},{"name":"Breithardter Weg","postalCode":"65232","locality":"Taunusstein","municipality":{"key":"06439015","name":"Taunusstein, Stadt","type":"Stadt"},"district":{"key":"06439","name":"Rheingau-Taunus-Kreis","type":"Landkreis"},"federalState":{"key":"06","name":"Hessen"}},{"name":"Breslauer Str.","postalCode":"65232","locality":"Taunusstein","municipality":{"key":"06439015","name":"Taunusstein, Stadt","type":"Stadt"},"district":{"key":"06439","name":"Rheingau-Taunus-Kreis","type":"Landkreis"},"federalState":{"key":"06","name":"Hessen"}},{"name":"Brüder-Grimm-Str.","postalCode":"65232","locality":"Taunusstein","municipality":{"key":"06439015","name":"Taunusstein, Stadt","type":"Stadt"},"district":{"key":"06439","name":"Rheingau-Taunus-Kreis","type":"Landkreis"},"federalState":{"key":"06","name":"Hessen"}},{"name":"Brunnenstr.","postalCode":"65232","locality":"Taunusstein","municipality":{"key":"06439015","name":"Taunusstein, Stadt","type":"Stadt"},"district":{"key":"06439","name":"Rheingau-Taunus-Kreis","type":"Landkreis"},"federalState":{"key":"06","name":"Hessen"}},{"name":"Brünner Str.","postalCode":"65232","locality":"Taunusstein","municipality":{"key":"06439015","name":"Taunusstein, Stadt","type":"Stadt"},"district":{"key":"06439","name":"Rheingau-Taunus-Kreis","type":"Landkreis"},"federalState":{"key":"06","name":"Hessen"}},{"name":"Brüxer Str.","postalCode":"65232","locality":"Taunusstein","municipality":{"key":"06439015","name":"Taunusstein, Stadt","type":"Stadt"},"district":{"key":"06439","name":"Rheingau-Taunus-Kreis","type":"Landkreis"},"federalState":{"key":"06","name":"Hessen"}},{"name":"Buchenweg","postalCode":"65232","locality":"Taunusstein","municipality":{"key":"06439015","name":"Taunusstein, Stadt","type":"Stadt"},"district":{"key":"06439","name":"Rheingau-Taunus-Kreis","type":"Landkreis"},"federalState":{"key":"06","name":"Hessen"}},{"name":"Burgstr.","postalCode":"65232","locality":"Taunusstein","municipality":{"key":"06439015","name":"Taunusstein, Stadt","type":"Stadt"},"district":{"key":"06439","name":"Rheingau-Taunus-Kreis","type":"Landkreis"},"federalState":{"key":"06","name":"Hessen"}},{"name":"Caldes-de-Montbui-Str.","postalCode":"65232","locality":"Taunusstein","municipality":{"key":"06439015","name":"Taunusstein, Stadt","type":"Stadt"},"district":{"key":"06439","name":"Rheingau-Taunus-Kreis","type":"Landkreis"},"federalState":{"key":"06","name":"Hessen"}},{"name":"Carl-Benz-Str.","postalCode":"65232","locality":"Taunusstein","municipality":{"key":"06439015","name":"Taunusstein, Stadt","type":"Stadt"},"district":{"key":"06439","name":"Rheingau-Taunus-Kreis","type":"Landkreis"},"federalState":{"key":"06","name":"Hessen"}},{"name":"Chattenpfad","postalCode":"65232","locality":"Taunusstein","municipality":{"key":"06439015","name":"Taunusstein, Stadt","type":"Stadt"},"district":{"key":"06439","name":"Rheingau-Taunus-Kreis","type":"Landkreis"},"federalState":{"key":"06","name":"Hessen"}},{"name":"Clemens-von-Brentano-Str.","postalCode":"65232","locality":"Taunusstein","municipality":{"key":"06439015","name":"Taunusstein, Stadt","type":"Stadt"},"district":{"key":"06439","name":"Rheingau-Taunus-Kreis","type":"Landkreis"},"federalState":{"key":"06","name":"Hessen"}},{"name":"Daimlerstr.","postalCode":"65232","locality":"Taunusstein","municipality":{"key":"06439015","name":"Taunusstein, Stadt","type":"Stadt"},"district":{"key":"06439","name":"Rheingau-Taunus-Kreis","type":"Landkreis"},"federalState":{"key":"06","name":"Hessen"}},{"name":"Dammühlenweg","postalCode":"65232","locality":"Taunusstein","municipality":{"key":"06439015","name":"Taunusstein, Stadt","type":"Stadt"},"district":{"key":"06439","name":"Rheingau-Taunus-Kreis","type":"Landkreis"},"federalState":{"key":"06","name":"Hessen"}},{"name":"Dietrich-Bonhoeffer-Str.","postalCode":"65232","locality":"Taunusstein","municipality":{"key":"06439015","name":"Taunusstein, Stadt","type":"Stadt"},"district":{"key":"06439","name":"Rheingau-Taunus-Kreis","type":"Landkreis"},"federalState":{"key":"06","name":"Hessen"}},{"name":"Dornbornpfad","postalCode":"65232","locality":"Taunusstein","municipality":{"key":"06439015","name":"Taunusstein, Stadt","type":"Stadt"},"district":{"key":"06439","name":"Rheingau-Taunus-Kreis","type":"Landkreis"},"federalState":{"key":"06","name":"Hessen"}},{"name":"Dornbornstr.","postalCode":"65232","locality":"Taunusstein","municipality":{"key":"06439015","name":"Taunusstein, Stadt","type":"Stadt"},"district":{"key":"06439","name":"Rheingau-Taunus-Kreis","type":"Landkreis"},"federalState":{"key":"06","name":"Hessen"}},{"name":"Dresdener Str.","postalCode":"65232","locality":"Taunusstein","municipality":{"key":"06439015","name":"Taunusstein, Stadt","type":"Stadt"},"district":{"key":"06439","name":"Rheingau-Taunus-Kreis","type":"Landkreis"},"federalState":{"key":"06","name":"Hessen"}},{"name":"Drosselweg","postalCode":"65232","locality":"Taunusstein","municipality":{"key":"06439015","name":"Taunusstein, Stadt","type":"Stadt"},"district":{"key":"06439","name":"Rheingau-Taunus-Kreis","type":"Landkreis"},"federalState":{"key":"06","name":"Hessen"}},{"name":"Dudenstr.","postalCode":"65232","locality":"Taunusstein","municipality":{"key":"06439015","name":"Taunusstein, Stadt","type":"Stadt"},"district":{"key":"06439","name":"Rheingau-Taunus-Kreis","type":"Landkreis"},"federalState":{"key":"06","name":"Hessen"}},{"name":"Dürerstr.","postalCode":"65232","locality":"Taunusstein","municipality":{"key":"06439015","name":"Taunusstein, Stadt","type":"Stadt"},"district":{"key":"06439","name":"Rheingau-Taunus-Kreis","type":"Landkreis"},"federalState":{"key":"06","name":"Hessen"}},{"name":"Eddersbacher Berg","postalCode":"65232","locality":"Taunusstein","municipality":{"key":"06439015","name":"Taunusstein, Stadt","type":"Stadt"},"district":{"key":"06439","name":"Rheingau-Taunus-Kreis","type":"Landkreis"},"federalState":{"key":"06","name":"Hessen"}},{"name":"Eduard-Wilhelmi-Str.","postalCode":"65232","locality":"Taunusstein","municipality":{"key":"06439015","name":"Taunusstein, Stadt","type":"Stadt"},"district":{"key":"06439","name":"Rheingau-Taunus-Kreis","type":"Landkreis"},"federalState":{"key":"06","name":"Hessen"}},{"name":"Egerländer Str.","postalCode":"65232","locality":"Taunusstein","municipality":{"key":"06439015","name":"Taunusstein, Stadt","type":"Stadt"},"district":{"key":"06439","name":"Rheingau-Taunus-Kreis","type":"Landkreis"},"federalState":{"key":"06","name":"Hessen"}},{"name":"Ehrenbacher Str.","postalCode":"65232","locality":"Taunusstein","municipality":{"key":"06439015","name":"Taunusstein, Stadt","type":"Stadt"},"district":{"key":"06439","name":"Rheingau-Taunus-Kreis","type":"Landkreis"},"federalState":{"key":"06","name":"Hessen"}},{"name":"Eichelberger Weg","postalCode":"65232","locality":"Taunusstein","municipality":{"key":"06439015","name":"Taunusstein, Stadt","type":"Stadt"},"district":{"key":"06439","name":"Rheingau-Taunus-Kreis","type":"Landkreis"},"federalState":{"key":"06","name":"Hessen"}},{"name":"Eichendorffstr.","postalCode":"65232","locality":"Taunusstein","municipality":{"key":"06439015","name":"Taunusstein, Stadt","type":"Stadt"},"district":{"key":"06439","name":"Rheingau-Taunus-Kreis","type":"Landkreis"},"federalState":{"key":"06","name":"Hessen"}},{"name":"Eifelstr.","postalCode":"65232","locality":"Taunusstein","municipality":{"key":"06439015","name":"Taunusstein, Stadt","type":"Stadt"},"district":{"key":"06439","name":"Rheingau-Taunus-Kreis","type":"Landkreis"},"federalState":{"key":"06","name":"Hessen"}},{"name":"Eisenstr.","postalCode":"65232","locality":"Taunusstein","municipality":{"key":"06439015","name":"Taunusstein, Stadt","type":"Stadt"},"district":{"key":"06439","name":"Rheingau-Taunus-Kreis","type":"Landkreis"},"federalState":{"key":"06","name":"Hessen"}},{"name":"Eltviller Str.","postalCode":"65232","locality":"Taunusstein","municipality":{"key":"06439015","name":"Taunusstein, Stadt","type":"Stadt"},"district":{"key":"06439","name":"Rheingau-Taunus-Kreis","type":"Landkreis"},"federalState":{"key":"06","name":"Hessen"}},{"name":"Engenhahner Weg","postalCode":"65232","locality":"Taunusstein","municipality":{"key":"06439015","name":"Taunusstein, Stadt","type":"Stadt"},"district":{"key":"06439","name":"Rheingau-Taunus-Kreis","type":"Landkreis"},"federalState":{"key":"06","name":"Hessen"}},{"name":"Erbacher Str.","postalCode":"65232","locality":"Taunusstein","municipality":{"key":"06439015","name":"Taunusstein, Stadt","type":"Stadt"},"district":{"key":"06439","name":"Rheingau-Taunus-Kreis","type":"Landkreis"},"federalState":{"key":"06","name":"Hessen"}},{"name":"Erfurter Ring","postalCode":"65232","locality":"Taunusstein","municipality":{"key":"06439015","name":"Taunusstein, Stadt","type":"Stadt"},"district":{"key":"06439","name":"Rheingau-Taunus-Kreis","type":"Landkreis"},"federalState":{"key":"06","name":"Hessen"}},{"name":"Erich-Kästner-Str.","postalCode":"65232","locality":"Taunusstein","municipality":{"key":"06439015","name":"Taunusstein, Stadt","type":"Stadt"},"district":{"key":"06439","name":"Rheingau-Taunus-Kreis","type":"Landkreis"},"federalState":{"key":"06","name":"Hessen"}},{"name":"Erlenmeyerstr.","postalCode":"65232","locality":"Taunusstein","municipality":{"key":"06439015","name":"Taunusstein, Stadt","type":"Stadt"},"district":{"key":"06439","name":"Rheingau-Taunus-Kreis","type":"Landkreis"},"federalState":{"key":"06","name":"Hessen"}},{"name":"Erlenweg","postalCode":"65232","locality":"Taunusstein","municipality":{"key":"06439015","name":"Taunusstein, Stadt","type":"Stadt"},"district":{"key":"06439","name":"Rheingau-Taunus-Kreis","type":"Landkreis"},"federalState":{"key":"06","name":"Hessen"}},{"name":"Eschbachstr.","postalCode":"65232","locality":"Taunusstein","municipality":{"key":"06439015","name":"Taunusstein, Stadt","type":"Stadt"},"district":{"key":"06439","name":"Rheingau-Taunus-Kreis","type":"Landkreis"},"federalState":{"key":"06","name":"Hessen"}},{"name":"Eschbachweg","postalCode":"65232","locality":"Taunusstein","municipality":{"key":"06439015","name":"Taunusstein, Stadt","type":"Stadt"},"district":{"key":"06439","name":"Rheingau-Taunus-Kreis","type":"Landkreis"},"federalState":{"key":"06","name":"Hessen"}},{"name":"Fabriciusstr.","postalCode":"65232","locality":"Taunusstein","municipality":{"key":"06439015","name":"Taunusstein, Stadt","type":"Stadt"},"district":{"key":"06439","name":"Rheingau-Taunus-Kreis","type":"Landkreis"},"federalState":{"key":"06","name":"Hessen"}},{"name":"Falkenweg","postalCode":"65232","locality":"Taunusstein","municipality":{"key":"06439015","name":"Taunusstein, Stadt","type":"Stadt"},"district":{"key":"06439","name":"Rheingau-Taunus-Kreis","type":"Landkreis"},"federalState":{"key":"06","name":"Hessen"}},{"name":"Fasanenweg","postalCode":"65232","locality":"Taunusstein","municipality":{"key":"06439015","name":"Taunusstein, Stadt","type":"Stadt"},"district":{"key":"06439","name":"Rheingau-Taunus-Kreis","type":"Landkreis"},"federalState":{"key":"06","name":"Hessen"}},{"name":"Feldbergstr.","postalCode":"65232","locality":"Taunusstein","municipality":{"key":"06439015","name":"Taunusstein, Stadt","type":"Stadt"},"district":{"key":"06439","name":"Rheingau-Taunus-Kreis","type":"Landkreis"},"federalState":{"key":"06","name":"Hessen"}},{"name":"Feldstr.","postalCode":"65232","locality":"Taunusstein","municipality":{"key":"06439015","name":"Taunusstein, Stadt","type":"Stadt"},"district":{"key":"06439","name":"Rheingau-Taunus-Kreis","type":"Landkreis"},"federalState":{"key":"06","name":"Hessen"}},{"name":"Finkenweg","postalCode":"65232","locality":"Taunusstein","municipality":{"key":"06439015","name":"Taunusstein, Stadt","type":"Stadt"},"district":{"key":"06439","name":"Rheingau-Taunus-Kreis","type":"Landkreis"},"federalState":{"key":"06","name":"Hessen"}},{"name":"Flachsbühlstr.","postalCode":"65232","locality":"Taunusstein","municipality":{"key":"06439015","name":"Taunusstein, Stadt","type":"Stadt"},"district":{"key":"06439","name":"Rheingau-Taunus-Kreis","type":"Landkreis"},"federalState":{"key":"06","name":"Hessen"}},{"name":"Fleckenbornstr.","postalCode":"65232","locality":"Taunusstein","municipality":{"key":"06439015","name":"Taunusstein, Stadt","type":"Stadt"},"district":{"key":"06439","name":"Rheingau-Taunus-Kreis","type":"Landkreis"},"federalState":{"key":"06","name":"Hessen"}},{"name":"Fliederweg","postalCode":"65232","locality":"Taunusstein","municipality":{"key":"06439015","name":"Taunusstein, Stadt","type":"Stadt"},"district":{"key":"06439","name":"Rheingau-Taunus-Kreis","type":"Landkreis"},"federalState":{"key":"06","name":"Hessen"}},{"name":"Forsthausstr.","postalCode":"65232","locality":"Taunusstein","municipality":{"key":"06439015","name":"Taunusstein, Stadt","type":"Stadt"},"district":{"key":"06439","name":"Rheingau-Taunus-Kreis","type":"Landkreis"},"federalState":{"key":"06","name":"Hessen"}},{"name":"Frankfurter Str.","postalCode":"65232","locality":"Taunusstein","municipality":{"key":"06439015","name":"Taunusstein, Stadt","type":"Stadt"},"district":{"key":"06439","name":"Rheingau-Taunus-Kreis","type":"Landkreis"},"federalState":{"key":"06","name":"Hessen"}},{"name":"Frankfurter Weg","postalCode":"65232","locality":"Taunusstein","municipality":{"key":"06439015","name":"Taunusstein, Stadt","type":"Stadt"},"district":{"key":"06439","name":"Rheingau-Taunus-Kreis","type":"Landkreis"},"federalState":{"key":"06","name":"Hessen"}},{"name":"Freudenthaler Str.","postalCode":"65232","locality":"Taunusstein","municipality":{"key":"06439015","name":"Taunusstein, Stadt","type":"Stadt"},"district":{"key":"06439","name":"Rheingau-Taunus-Kreis","type":"Landkreis"},"federalState":{"key":"06","name":"Hessen"}},{"name":"Friedenstr.","postalCode":"65232","locality":"Taunusstein","municipality":{"key":"06439015","name":"Taunusstein, Stadt","type":"Stadt"},"district":{"key":"06439","name":"Rheingau-Taunus-Kreis","type":"Landkreis"},"federalState":{"key":"06","name":"Hessen"}},{"name":"Friedrichstr.","postalCode":"65232","locality":"Taunusstein","municipality":{"key":"06439015","name":"Taunusstein, Stadt","type":"Stadt"},"district":{"key":"06439","name":"Rheingau-Taunus-Kreis","type":"Landkreis"},"federalState":{"key":"06","name":"Hessen"}},{"name":"Füllengarten","postalCode":"65232","locality":"Taunusstein","municipality":{"key":"06439015","name":"Taunusstein, Stadt","type":"Stadt"},"district":{"key":"06439","name":"Rheingau-Taunus-Kreis","type":"Landkreis"},"federalState":{"key":"06","name":"Hessen"}},{"name":"Fürstenrod","postalCode":"65232","locality":"Taunusstein","municipality":{"key":"06439015","name":"Taunusstein, Stadt","type":"Stadt"},"district":{"key":"06439","name":"Rheingau-Taunus-Kreis","type":"Landkreis"},"federalState":{"key":"06","name":"Hessen"}},{"name":"Galileistr.","postalCode":"65232","locality":"Taunusstein","municipality":{"key":"06439015","name":"Taunusstein, Stadt","type":"Stadt"},"district":{"key":"06439","name":"Rheingau-Taunus-Kreis","type":"Landkreis"},"federalState":{"key":"06","name":"Hessen"}},{"name":"Gartenstr.","postalCode":"65232","locality":"Taunusstein","municipality":{"key":"06439015","name":"Taunusstein, Stadt","type":"Stadt"},"district":{"key":"06439","name":"Rheingau-Taunus-Kreis","type":"Landkreis"},"federalState":{"key":"06","name":"Hessen"}},{"name":"Georg-Ohm-Str.","postalCode":"65232","locality":"Taunusstein","municipality":{"key":"06439015","name":"Taunusstein, Stadt","type":"Stadt"},"district":{"key":"06439","name":"Rheingau-Taunus-Kreis","type":"Landkreis"},"federalState":{"key":"06","name":"Hessen"}},{"name":"Geschwister-Scholl-Str.","postalCode":"65232","locality":"Taunusstein","municipality":{"key":"06439015","name":"Taunusstein, Stadt","type":"Stadt"},"district":{"key":"06439","name":"Rheingau-Taunus-Kreis","type":"Landkreis"},"federalState":{"key":"06","name":"Hessen"}},{"name":"Glockenstr.","postalCode":"65232","locality":"Taunusstein","municipality":{"key":"06439015","name":"Taunusstein, Stadt","type":"Stadt"},"district":{"key":"06439","name":"Rheingau-Taunus-Kreis","type":"Landkreis"},"federalState":{"key":"06","name":"Hessen"}},{"name":"Goethestr.","postalCode":"65232","locality":"Taunusstein","municipality":{"key":"06439015","name":"Taunusstein, Stadt","type":"Stadt"},"district":{"key":"06439","name":"Rheingau-Taunus-Kreis","type":"Landkreis"},"federalState":{"key":"06","name":"Hessen"}},{"name":"Gotenstr.","postalCode":"65232","locality":"Taunusstein","municipality":{"key":"06439015","name":"Taunusstein, Stadt","type":"Stadt"},"district":{"key":"06439","name":"Rheingau-Taunus-Kreis","type":"Landkreis"},"federalState":{"key":"06","name":"Hessen"}},{"name":"Gottfried-Keller-Str.","postalCode":"65232","locality":"Taunusstein","municipality":{"key":"06439015","name":"Taunusstein, Stadt","type":"Stadt"},"district":{"key":"06439","name":"Rheingau-Taunus-Kreis","type":"Landkreis"},"federalState":{"key":"06","name":"Hessen"}},{"name":"Graf-Gerlach-Str.","postalCode":"65232","locality":"Taunusstein","municipality":{"key":"06439015","name":"Taunusstein, Stadt","type":"Stadt"},"district":{"key":"06439","name":"Rheingau-Taunus-Kreis","type":"Landkreis"},"federalState":{"key":"06","name":"Hessen"}},{"name":"Gräfin-Anna-Str.","postalCode":"65232","locality":"Taunusstein","municipality":{"key":"06439015","name":"Taunusstein, Stadt","type":"Stadt"},"district":{"key":"06439","name":"Rheingau-Taunus-Kreis","type":"Landkreis"},"federalState":{"key":"06","name":"Hessen"}},{"name":"Grillparzerstr.","postalCode":"65232","locality":"Taunusstein","municipality":{"key":"06439015","name":"Taunusstein, Stadt","type":"Stadt"},"district":{"key":"06439","name":"Rheingau-Taunus-Kreis","type":"Landkreis"},"federalState":{"key":"06","name":"Hessen"}},{"name":"Gudrunstr.","postalCode":"65232","locality":"Taunusstein","municipality":{"key":"06439015","name":"Taunusstein, Stadt","type":"Stadt"},"district":{"key":"06439","name":"Rheingau-Taunus-Kreis","type":"Landkreis"},"federalState":{"key":"06","name":"Hessen"}},{"name":"Gutenbergstr.","postalCode":"65232","locality":"Taunusstein","municipality":{"key":"06439015","name":"Taunusstein, Stadt","type":"Stadt"},"district":{"key":"06439","name":"Rheingau-Taunus-Kreis","type":"Landkreis"},"federalState":{"key":"06","name":"Hessen"}},{"name":"Hagenstr.","postalCode":"65232","locality":"Taunusstein","municipality":{"key":"06439015","name":"Taunusstein, Stadt","type":"Stadt"},"district":{"key":"06439","name":"Rheingau-Taunus-Kreis","type":"Landkreis"},"federalState":{"key":"06","name":"Hessen"}},{"name":"Hahner Weg","postalCode":"65232","locality":"Taunusstein","municipality":{"key":"06439015","name":"Taunusstein, Stadt","type":"Stadt"},"district":{"key":"06439","name":"Rheingau-Taunus-Kreis","type":"Landkreis"},"federalState":{"key":"06","name":"Hessen"}},{"name":"Hambacher Weg","postalCode":"65232","locality":"Taunusstein","municipality":{"key":"06439015","name":"Taunusstein, Stadt","type":"Stadt"},"district":{"key":"06439","name":"Rheingau-Taunus-Kreis","type":"Landkreis"},"federalState":{"key":"06","name":"Hessen"}},{"name":"Hattenheimer Str.","postalCode":"65232","locality":"Taunusstein","municipality":{"key":"06439015","name":"Taunusstein, Stadt","type":"Stadt"},"district":{"key":"06439","name":"Rheingau-Taunus-Kreis","type":"Landkreis"},"federalState":{"key":"06","name":"Hessen"}},{"name":"Hauptstr.","postalCode":"65232","locality":"Taunusstein","municipality":{"key":"06439015","name":"Taunusstein, Stadt","type":"Stadt"},"district":{"key":"06439","name":"Rheingau-Taunus-Kreis","type":"Landkreis"},"federalState":{"key":"06","name":"Hessen"}},{"name":"Hebbelstr.","postalCode":"65232","locality":"Taunusstein","municipality":{"key":"06439015","name":"Taunusstein, Stadt","type":"Stadt"},"district":{"key":"06439","name":"Rheingau-Taunus-Kreis","type":"Landkreis"},"federalState":{"key":"06","name":"Hessen"}},{"name":"Heideweg","postalCode":"65232","locality":"Taunusstein","municipality":{"key":"06439015","name":"Taunusstein, Stadt","type":"Stadt"},"district":{"key":"06439","name":"Rheingau-Taunus-Kreis","type":"Landkreis"},"federalState":{"key":"06","name":"Hessen"}},{"name":"Heinz-Hankammer-Str.","postalCode":"65232","locality":"Taunusstein","municipality":{"key":"06439015","name":"Taunusstein, Stadt","type":"Stadt"},"district":{"key":"06439","name":"Rheingau-Taunus-Kreis","type":"Landkreis"},"federalState":{"key":"06","name":"Hessen"}},{"name":"Hellebergstr.","postalCode":"65232","locality":"Taunusstein","municipality":{"key":"06439015","name":"Taunusstein, Stadt","type":"Stadt"},"district":{"key":"06439","name":"Rheingau-Taunus-Kreis","type":"Landkreis"},"federalState":{"key":"06","name":"Hessen"}},{"name":"Hennethaler Weg","postalCode":"65232","locality":"Taunusstein","municipality":{"key":"06439015","name":"Taunusstein, Stadt","type":"Stadt"},"district":{"key":"06439","name":"Rheingau-Taunus-Kreis","type":"Landkreis"},"federalState":{"key":"06","name":"Hessen"}},{"name":"Herblayer Str.","postalCode":"65232","locality":"Taunusstein","municipality":{"key":"06439015","name":"Taunusstein, Stadt","type":"Stadt"},"district":{"key":"06439","name":"Rheingau-Taunus-Kreis","type":"Landkreis"},"federalState":{"key":"06","name":"Hessen"}},{"name":"Herderstr.","postalCode":"65232","locality":"Taunusstein","municipality":{"key":"06439015","name":"Taunusstein, Stadt","type":"Stadt"},"district":{"key":"06439","name":"Rheingau-Taunus-Kreis","type":"Landkreis"},"federalState":{"key":"06","name":"Hessen"}},{"name":"Hermann-Löns-Str.","postalCode":"65232","locality":"Taunusstein","municipality":{"key":"06439015","name":"Taunusstein, Stadt","type":"Stadt"},"district":{"key":"06439","name":"Rheingau-Taunus-Kreis","type":"Landkreis"},"federalState":{"key":"06","name":"Hessen"}},{"name":"Hermann-Schauß-Str.","postalCode":"65232","locality":"Taunusstein","municipality":{"key":"06439015","name":"Taunusstein, Stadt","type":"Stadt"},"district":{"key":"06439","name":"Rheingau-Taunus-Kreis","type":"Landkreis"},"federalState":{"key":"06","name":"Hessen"}},{"name":"Herrenweg","postalCode":"65232","locality":"Taunusstein","municipality":{"key":"06439015","name":"Taunusstein, Stadt","type":"Stadt"},"district":{"key":"06439","name":"Rheingau-Taunus-Kreis","type":"Landkreis"},"federalState":{"key":"06","name":"Hessen"}},{"name":"Herzogsweg","postalCode":"65232","locality":"Taunusstein","municipality":{"key":"06439015","name":"Taunusstein, Stadt","type":"Stadt"},"district":{"key":"06439","name":"Rheingau-Taunus-Kreis","type":"Landkreis"},"federalState":{"key":"06","name":"Hessen"}},{"name":"Hintergasse","postalCode":"65232","locality":"Taunusstein","municipality":{"key":"06439015","name":"Taunusstein, Stadt","type":"Stadt"},"district":{"key":"06439","name":"Rheingau-Taunus-Kreis","type":"Landkreis"},"federalState":{"key":"06","name":"Hessen"}},{"name":"Hirschgraben","postalCode":"65232","locality":"Taunusstein","municipality":{"key":"06439015","name":"Taunusstein, Stadt","type":"Stadt"},"district":{"key":"06439","name":"Rheingau-Taunus-Kreis","type":"Landkreis"},"federalState":{"key":"06","name":"Hessen"}},{"name":"Hofackerstr.","postalCode":"65232","locality":"Taunusstein","municipality":{"key":"06439015","name":"Taunusstein, Stadt","type":"Stadt"},"district":{"key":"06439","name":"Rheingau-Taunus-Kreis","type":"Landkreis"},"federalState":{"key":"06","name":"Hessen"}},{"name":"Hofgutstr.","postalCode":"65232","locality":"Taunusstein","municipality":{"key":"06439015","name":"Taunusstein, Stadt","type":"Stadt"},"district":{"key":"06439","name":"Rheingau-Taunus-Kreis","type":"Landkreis"},"federalState":{"key":"06","name":"Hessen"}},{"name":"Hofhausstr.","postalCode":"65232","locality":"Taunusstein","municipality":{"key":"06439015","name":"Taunusstein, Stadt","type":"Stadt"},"district":{"key":"06439","name":"Rheingau-Taunus-Kreis","type":"Landkreis"},"federalState":{"key":"06","name":"Hessen"}},{"name":"Hohe Str.","postalCode":"65232","locality":"Taunusstein","municipality":{"key":"06439015","name":"Taunusstein, Stadt","type":"Stadt"},"district":{"key":"06439","name":"Rheingau-Taunus-Kreis","type":"Landkreis"},"federalState":{"key":"06","name":"Hessen"}},{"name":"Hohlgartenweg","postalCode":"65232","locality":"Taunusstein","municipality":{"key":"06439015","name":"Taunusstein, Stadt","type":"Stadt"},"district":{"key":"06439","name":"Rheingau-Taunus-Kreis","type":"Landkreis"},"federalState":{"key":"06","name":"Hessen"}},{"name":"Hohlweg","postalCode":"65232","locality":"Taunusstein","municipality":{"key":"06439015","name":"Taunusstein, Stadt","type":"Stadt"},"district":{"key":"06439","name":"Rheingau-Taunus-Kreis","type":"Landkreis"},"federalState":{"key":"06","name":"Hessen"}},{"name":"Hubertusweg","postalCode":"65232","locality":"Taunusstein","municipality":{"key":"06439015","name":"Taunusstein, Stadt","type":"Stadt"},"district":{"key":"06439","name":"Rheingau-Taunus-Kreis","type":"Landkreis"},"federalState":{"key":"06","name":"Hessen"}},{"name":"Hühnerstr.","postalCode":"65232","locality":"Taunusstein","municipality":{"key":"06439015","name":"Taunusstein, Stadt","type":"Stadt"},"district":{"key":"06439","name":"Rheingau-Taunus-Kreis","type":"Landkreis"},"federalState":{"key":"06","name":"Hessen"}},{"name":"Ibellstr.","postalCode":"65232","locality":"Taunusstein","municipality":{"key":"06439015","name":"Taunusstein, Stadt","type":"Stadt"},"district":{"key":"06439","name":"Rheingau-Taunus-Kreis","type":"Landkreis"},"federalState":{"key":"06","name":"Hessen"}},{"name":"Idsteiner Str.","postalCode":"65232","locality":"Taunusstein","municipality":{"key":"06439015","name":"Taunusstein, Stadt","type":"Stadt"},"district":{"key":"06439","name":"Rheingau-Taunus-Kreis","type":"Landkreis"},"federalState":{"key":"06","name":"Hessen"}},{"name":"Im Bannzaun","postalCode":"65232","locality":"Taunusstein","municipality":{"key":"06439015","name":"Taunusstein, Stadt","type":"Stadt"},"district":{"key":"06439","name":"Rheingau-Taunus-Kreis","type":"Landkreis"},"federalState":{"key":"06","name":"Hessen"}},{"name":"Im Biengarten","postalCode":"65232","locality":"Taunusstein","municipality":{"key":"06439015","name":"Taunusstein, Stadt","type":"Stadt"},"district":{"key":"06439","name":"Rheingau-Taunus-Kreis","type":"Landkreis"},"federalState":{"key":"06","name":"Hessen"}},{"name":"Im Gartenfeld","postalCode":"65232","locality":"Taunusstein","municipality":{"key":"06439015","name":"Taunusstein, Stadt","type":"Stadt"},"district":{"key":"06439","name":"Rheingau-Taunus-Kreis","type":"Landkreis"},"federalState":{"key":"06","name":"Hessen"}},{"name":"Im Gründchen","postalCode":"65232","locality":"Taunusstein","municipality":{"key":"06439015","name":"Taunusstein, Stadt","type":"Stadt"},"district":{"key":"06439","name":"Rheingau-Taunus-Kreis","type":"Landkreis"},"federalState":{"key":"06","name":"Hessen"}},{"name":"Im Hängl","postalCode":"65232","locality":"Taunusstein","municipality":{"key":"06439015","name":"Taunusstein, Stadt","type":"Stadt"},"district":{"key":"06439","name":"Rheingau-Taunus-Kreis","type":"Landkreis"},"federalState":{"key":"06","name":"Hessen"}},{"name":"Im Maisel","postalCode":"65232","locality":"Taunusstein","municipality":{"key":"06439015","name":"Taunusstein, Stadt","type":"Stadt"},"district":{"key":"06439","name":"Rheingau-Taunus-Kreis","type":"Landkreis"},"federalState":{"key":"06","name":"Hessen"}},{"name":"Im Obergrund","postalCode":"65232","locality":"Taunusstein","municipality":{"key":"06439015","name":"Taunusstein, Stadt","type":"Stadt"},"district":{"key":"06439","name":"Rheingau-Taunus-Kreis","type":"Landkreis"},"federalState":{"key":"06","name":"Hessen"}},{"name":"Im Sonnental","postalCode":"65232","locality":"Taunusstein","municipality":{"key":"06439015","name":"Taunusstein, Stadt","type":"Stadt"},"district":{"key":"06439","name":"Rheingau-Taunus-Kreis","type":"Landkreis"},"federalState":{"key":"06","name":"Hessen"}},{"name":"Im Wolkenbruch","postalCode":"65232","locality":"Taunusstein","municipality":{"key":"06439015","name":"Taunusstein, Stadt","type":"Stadt"},"district":{"key":"06439","name":"Rheingau-Taunus-Kreis","type":"Landkreis"},"federalState":{"key":"06","name":"Hessen"}},{"name":"In den Faltern","postalCode":"65232","locality":"Taunusstein","municipality":{"key":"06439015","name":"Taunusstein, Stadt","type":"Stadt"},"district":{"key":"06439","name":"Rheingau-Taunus-Kreis","type":"Landkreis"},"federalState":{"key":"06","name":"Hessen"}},{"name":"Jägerstr.","postalCode":"65232","locality":"Taunusstein","municipality":{"key":"06439015","name":"Taunusstein, Stadt","type":"Stadt"},"district":{"key":"06439","name":"Rheingau-Taunus-Kreis","type":"Landkreis"},"federalState":{"key":"06","name":"Hessen"}},{"name":"Jahnstr.","postalCode":"65232","locality":"Taunusstein","municipality":{"key":"06439015","name":"Taunusstein, Stadt","type":"Stadt"},"district":{"key":"06439","name":"Rheingau-Taunus-Kreis","type":"Landkreis"},"federalState":{"key":"06","name":"Hessen"}},{"name":"Kamillenweg","postalCode":"65232","locality":"Taunusstein","municipality":{"key":"06439015","name":"Taunusstein, Stadt","type":"Stadt"},"district":{"key":"06439","name":"Rheingau-Taunus-Kreis","type":"Landkreis"},"federalState":{"key":"06","name":"Hessen"}},{"name":"Kantstr.","postalCode":"65232","locality":"Taunusstein","municipality":{"key":"06439015","name":"Taunusstein, Stadt","type":"Stadt"},"district":{"key":"06439","name":"Rheingau-Taunus-Kreis","type":"Landkreis"},"federalState":{"key":"06","name":"Hessen"}},{"name":"Karl-Meister-Str.","postalCode":"65232","locality":"Taunusstein","municipality":{"key":"06439015","name":"Taunusstein, Stadt","type":"Stadt"},"district":{"key":"06439","name":"Rheingau-Taunus-Kreis","type":"Landkreis"},"federalState":{"key":"06","name":"Hessen"}},{"name":"Karlsbader Str.","postalCode":"65232","locality":"Taunusstein","municipality":{"key":"06439015","name":"Taunusstein, Stadt","type":"Stadt"},"district":{"key":"06439","name":"Rheingau-Taunus-Kreis","type":"Landkreis"},"federalState":{"key":"06","name":"Hessen"}},{"name":"Kastellstr.","postalCode":"65232","locality":"Taunusstein","municipality":{"key":"06439015","name":"Taunusstein, Stadt","type":"Stadt"},"district":{"key":"06439","name":"Rheingau-Taunus-Kreis","type":"Landkreis"},"federalState":{"key":"06","name":"Hessen"}},{"name":"Kathrainerstr.","postalCode":"65232","locality":"Taunusstein","municipality":{"key":"06439015","name":"Taunusstein, Stadt","type":"Stadt"},"district":{"key":"06439","name":"Rheingau-Taunus-Kreis","type":"Landkreis"},"federalState":{"key":"06","name":"Hessen"}},{"name":"Kegelbahnweg","postalCode":"65232","locality":"Taunusstein","municipality":{"key":"06439015","name":"Taunusstein, Stadt","type":"Stadt"},"district":{"key":"06439","name":"Rheingau-Taunus-Kreis","type":"Landkreis"},"federalState":{"key":"06","name":"Hessen"}},{"name":"Kellerskopfstr.","postalCode":"65232","locality":"Taunusstein","municipality":{"key":"06439015","name":"Taunusstein, Stadt","type":"Stadt"},"district":{"key":"06439","name":"Rheingau-Taunus-Kreis","type":"Landkreis"},"federalState":{"key":"06","name":"Hessen"}},{"name":"Keplerstr.","postalCode":"65232","locality":"Taunusstein","municipality":{"key":"06439015","name":"Taunusstein, Stadt","type":"Stadt"},"district":{"key":"06439","name":"Rheingau-Taunus-Kreis","type":"Landkreis"},"federalState":{"key":"06","name":"Hessen"}},{"name":"Kesselbachstr.","postalCode":"65232","locality":"Taunusstein","municipality":{"key":"06439015","name":"Taunusstein, Stadt","type":"Stadt"},"district":{"key":"06439","name":"Rheingau-Taunus-Kreis","type":"Landkreis"},"federalState":{"key":"06","name":"Hessen"}},{"name":"Kesselbachweg","postalCode":"65232","locality":"Taunusstein","municipality":{"key":"06439015","name":"Taunusstein, Stadt","type":"Stadt"},"district":{"key":"06439","name":"Rheingau-Taunus-Kreis","type":"Landkreis"},"federalState":{"key":"06","name":"Hessen"}},{"name":"Kiliansgasse","postalCode":"65232","locality":"Taunusstein","municipality":{"key":"06439015","name":"Taunusstein, Stadt","type":"Stadt"},"district":{"key":"06439","name":"Rheingau-Taunus-Kreis","type":"Landkreis"},"federalState":{"key":"06","name":"Hessen"}},{"name":"Kirchenstück","postalCode":"65232","locality":"Taunusstein","municipality":{"key":"06439015","name":"Taunusstein, Stadt","type":"Stadt"},"district":{"key":"06439","name":"Rheingau-Taunus-Kreis","type":"Landkreis"},"federalState":{"key":"06","name":"Hessen"}},{"name":"Kirchstr.","postalCode":"65232","locality":"Taunusstein","municipality":{"key":"06439015","name":"Taunusstein, Stadt","type":"Stadt"},"district":{"key":"06439","name":"Rheingau-Taunus-Kreis","type":"Landkreis"},"federalState":{"key":"06","name":"Hessen"}},{"name":"Kirchweg","postalCode":"65232","locality":"Taunusstein","municipality":{"key":"06439015","name":"Taunusstein, Stadt","type":"Stadt"},"district":{"key":"06439","name":"Rheingau-Taunus-Kreis","type":"Landkreis"},"federalState":{"key":"06","name":"Hessen"}},{"name":"Kirschweidstr.","postalCode":"65232","locality":"Taunusstein","municipality":{"key":"06439015","name":"Taunusstein, Stadt","type":"Stadt"},"district":{"key":"06439","name":"Rheingau-Taunus-Kreis","type":"Landkreis"},"federalState":{"key":"06","name":"Hessen"}},{"name":"Kleine Parkstr.","postalCode":"65232","locality":"Taunusstein","municipality":{"key":"06439015","name":"Taunusstein, Stadt","type":"Stadt"},"district":{"key":"06439","name":"Rheingau-Taunus-Kreis","type":"Landkreis"},"federalState":{"key":"06","name":"Hessen"}},{"name":"Kleine Silberbachstr.","postalCode":"65232","locality":"Taunusstein","municipality":{"key":"06439015","name":"Taunusstein, Stadt","type":"Stadt"},"district":{"key":"06439","name":"Rheingau-Taunus-Kreis","type":"Landkreis"},"federalState":{"key":"06","name":"Hessen"}},{"name":"Kleiststr.","postalCode":"65232","locality":"Taunusstein","municipality":{"key":"06439015","name":"Taunusstein, Stadt","type":"Stadt"},"district":{"key":"06439","name":"Rheingau-Taunus-Kreis","type":"Landkreis"},"federalState":{"key":"06","name":"Hessen"}},{"name":"Klingenthaler Str.","postalCode":"65232","locality":"Taunusstein","municipality":{"key":"06439015","name":"Taunusstein, Stadt","type":"Stadt"},"district":{"key":"06439","name":"Rheingau-Taunus-Kreis","type":"Landkreis"},"federalState":{"key":"06","name":"Hessen"}},{"name":"Königsberger Str.","postalCode":"65232","locality":"Taunusstein","municipality":{"key":"06439015","name":"Taunusstein, Stadt","type":"Stadt"},"district":{"key":"06439","name":"Rheingau-Taunus-Kreis","type":"Landkreis"},"federalState":{"key":"06","name":"Hessen"}},{"name":"Konrad-Adenauer-Str.","postalCode":"65232","locality":"Taunusstein","municipality":{"key":"06439015","name":"Taunusstein, Stadt","type":"Stadt"},"district":{"key":"06439","name":"Rheingau-Taunus-Kreis","type":"Landkreis"},"federalState":{"key":"06","name":"Hessen"}},{"name":"Kopernikusstr.","postalCode":"65232","locality":"Taunusstein","municipality":{"key":"06439015","name":"Taunusstein, Stadt","type":"Stadt"},"district":{"key":"06439","name":"Rheingau-Taunus-Kreis","type":"Landkreis"},"federalState":{"key":"06","name":"Hessen"}},{"name":"Kornblumenweg","postalCode":"65232","locality":"Taunusstein","municipality":{"key":"06439015","name":"Taunusstein, Stadt","type":"Stadt"},"district":{"key":"06439","name":"Rheingau-Taunus-Kreis","type":"Landkreis"},"federalState":{"key":"06","name":"Hessen"}},{"name":"Kriemhildstr.","postalCode":"65232","locality":"Taunusstein","municipality":{"key":"06439015","name":"Taunusstein, Stadt","type":"Stadt"},"district":{"key":"06439","name":"Rheingau-Taunus-Kreis","type":"Landkreis"},"federalState":{"key":"06","name":"Hessen"}},{"name":"Kurt-Schumacher-Str.","postalCode":"65232","locality":"Taunusstein","municipality":{"key":"06439015","name":"Taunusstein, Stadt","type":"Stadt"},"district":{"key":"06439","name":"Rheingau-Taunus-Kreis","type":"Landkreis"},"federalState":{"key":"06","name":"Hessen"}},{"name":"Lahnstr.","postalCode":"65232","locality":"Taunusstein","municipality":{"key":"06439015","name":"Taunusstein, Stadt","type":"Stadt"},"district":{"key":"06439","name":"Rheingau-Taunus-Kreis","type":"Landkreis"},"federalState":{"key":"06","name":"Hessen"}},{"name":"Laquejapaad","postalCode":"65232","locality":"Taunusstein","municipality":{"key":"06439015","name":"Taunusstein, Stadt","type":"Stadt"},"district":{"key":"06439","name":"Rheingau-Taunus-Kreis","type":"Landkreis"},"federalState":{"key":"06","name":"Hessen"}},{"name":"Leipziger Str.","postalCode":"65232","locality":"Taunusstein","municipality":{"key":"06439015","name":"Taunusstein, Stadt","type":"Stadt"},"district":{"key":"06439","name":"Rheingau-Taunus-Kreis","type":"Landkreis"},"federalState":{"key":"06","name":"Hessen"}},{"name":"Lerchenweg","postalCode":"65232","locality":"Taunusstein","municipality":{"key":"06439015","name":"Taunusstein, Stadt","type":"Stadt"},"district":{"key":"06439","name":"Rheingau-Taunus-Kreis","type":"Landkreis"},"federalState":{"key":"06","name":"Hessen"}},{"name":"Lessingstr.","postalCode":"65232","locality":"Taunusstein","municipality":{"key":"06439015","name":"Taunusstein, Stadt","type":"Stadt"},"district":{"key":"06439","name":"Rheingau-Taunus-Kreis","type":"Landkreis"},"federalState":{"key":"06","name":"Hessen"}},{"name":"Lilienstr.","postalCode":"65232","locality":"Taunusstein","municipality":{"key":"06439015","name":"Taunusstein, Stadt","type":"Stadt"},"district":{"key":"06439","name":"Rheingau-Taunus-Kreis","type":"Landkreis"},"federalState":{"key":"06","name":"Hessen"}},{"name":"Limbachstr.","postalCode":"65232","locality":"Taunusstein","municipality":{"key":"06439015","name":"Taunusstein, Stadt","type":"Stadt"},"district":{"key":"06439","name":"Rheingau-Taunus-Kreis","type":"Landkreis"},"federalState":{"key":"06","name":"Hessen"}},{"name":"Limburger Str.","postalCode":"65232","locality":"Taunusstein","municipality":{"key":"06439015","name":"Taunusstein, Stadt","type":"Stadt"},"district":{"key":"06439","name":"Rheingau-Taunus-Kreis","type":"Landkreis"},"federalState":{"key":"06","name":"Hessen"}},{"name":"Limesrundweg Kastell Zugmantel","postalCode":"65232","locality":"Taunusstein","municipality":{"key":"06439015","name":"Taunusstein, Stadt","type":"Stadt"},"district":{"key":"06439","name":"Rheingau-Taunus-Kreis","type":"Landkreis"},"federalState":{"key":"06","name":"Hessen"}},{"name":"Limesweg","postalCode":"65232","locality":"Taunusstein","municipality":{"key":"06439015","name":"Taunusstein, Stadt","type":"Stadt"},"district":{"key":"06439","name":"Rheingau-Taunus-Kreis","type":"Landkreis"},"federalState":{"key":"06","name":"Hessen"}},{"name":"Lindenbornstr.","postalCode":"65232","locality":"Taunusstein","municipality":{"key":"06439015","name":"Taunusstein, Stadt","type":"Stadt"},"district":{"key":"06439","name":"Rheingau-Taunus-Kreis","type":"Landkreis"},"federalState":{"key":"06","name":"Hessen"}},{"name":"Lindenhof","postalCode":"65232","locality":"Taunusstein","municipality":{"key":"06439015","name":"Taunusstein, Stadt","type":"Stadt"},"district":{"key":"06439","name":"Rheingau-Taunus-Kreis","type":"Landkreis"},"federalState":{"key":"06","name":"Hessen"}},{"name":"Lindenplatz","postalCode":"65232","locality":"Taunusstein","municipality":{"key":"06439015","name":"Taunusstein, Stadt","type":"Stadt"},"district":{"key":"06439","name":"Rheingau-Taunus-Kreis","type":"Landkreis"},"federalState":{"key":"06","name":"Hessen"}},{"name":"Lindenstr.","postalCode":"65232","locality":"Taunusstein","municipality":{"key":"06439015","name":"Taunusstein, Stadt","type":"Stadt"},"district":{"key":"06439","name":"Rheingau-Taunus-Kreis","type":"Landkreis"},"federalState":{"key":"06","name":"Hessen"}},{"name":"Loreleystr.","postalCode":"65232","locality":"Taunusstein","municipality":{"key":"06439015","name":"Taunusstein, Stadt","type":"Stadt"},"district":{"key":"06439","name":"Rheingau-Taunus-Kreis","type":"Landkreis"},"federalState":{"key":"06","name":"Hessen"}},{"name":"Lortzingstr.","postalCode":"65232","locality":"Taunusstein","municipality":{"key":"06439015","name":"Taunusstein, Stadt","type":"Stadt"},"district":{"key":"06439","name":"Rheingau-Taunus-Kreis","type":"Landkreis"},"federalState":{"key":"06","name":"Hessen"}},{"name":"Ludwig-Gerhardt-Str.","postalCode":"65232","locality":"Taunusstein","municipality":{"key":"06439015","name":"Taunusstein, Stadt","type":"Stadt"},"district":{"key":"06439","name":"Rheingau-Taunus-Kreis","type":"Landkreis"},"federalState":{"key":"06","name":"Hessen"}},{"name":"Ludwig-Hanson-Str.","postalCode":"65232","locality":"Taunusstein","municipality":{"key":"06439015","name":"Taunusstein, Stadt","type":"Stadt"},"district":{"key":"06439","name":"Rheingau-Taunus-Kreis","type":"Landkreis"},"federalState":{"key":"06","name":"Hessen"}},{"name":"Ludwig-Schauß-Str.","postalCode":"65232","locality":"Taunusstein","municipality":{"key":"06439015","name":"Taunusstein, Stadt","type":"Stadt"},"district":{"key":"06439","name":"Rheingau-Taunus-Kreis","type":"Landkreis"},"federalState":{"key":"06","name":"Hessen"}},{"name":"Luisenstr.","postalCode":"65232","locality":"Taunusstein","municipality":{"key":"06439015","name":"Taunusstein, Stadt","type":"Stadt"},"district":{"key":"06439","name":"Rheingau-Taunus-Kreis","type":"Landkreis"},"federalState":{"key":"06","name":"Hessen"}},{"name":"Mainstr.","postalCode":"65232","locality":"Taunusstein","municipality":{"key":"06439015","name":"Taunusstein, Stadt","type":"Stadt"},"district":{"key":"06439","name":"Rheingau-Taunus-Kreis","type":"Landkreis"},"federalState":{"key":"06","name":"Hessen"}},{"name":"Mainzer Allee","postalCode":"65232","locality":"Taunusstein","municipality":{"key":"06439015","name":"Taunusstein, Stadt","type":"Stadt"},"district":{"key":"06439","name":"Rheingau-Taunus-Kreis","type":"Landkreis"},"federalState":{"key":"06","name":"Hessen"}},{"name":"Mainzer Weg","postalCode":"65232","locality":"Taunusstein","municipality":{"key":"06439015","name":"Taunusstein, Stadt","type":"Stadt"},"district":{"key":"06439","name":"Rheingau-Taunus-Kreis","type":"Landkreis"},"federalState":{"key":"06","name":"Hessen"}},{"name":"Marienbader Str.","postalCode":"65232","locality":"Taunusstein","municipality":{"key":"06439015","name":"Taunusstein, Stadt","type":"Stadt"},"district":{"key":"06439","name":"Rheingau-Taunus-Kreis","type":"Landkreis"},"federalState":{"key":"06","name":"Hessen"}},{"name":"Marktstr.","postalCode":"65232","locality":"Taunusstein","municipality":{"key":"06439015","name":"Taunusstein, Stadt","type":"Stadt"},"district":{"key":"06439","name":"Rheingau-Taunus-Kreis","type":"Landkreis"},"federalState":{"key":"06","name":"Hessen"}},{"name":"Mittelgasse","postalCode":"65232","locality":"Taunusstein","municipality":{"key":"06439015","name":"Taunusstein, Stadt","type":"Stadt"},"district":{"key":"06439","name":"Rheingau-Taunus-Kreis","type":"Landkreis"},"federalState":{"key":"06","name":"Hessen"}},{"name":"Mittelheimer Str.","postalCode":"65232","locality":"Taunusstein","municipality":{"key":"06439015","name":"Taunusstein, Stadt","type":"Stadt"},"district":{"key":"06439","name":"Rheingau-Taunus-Kreis","type":"Landkreis"},"federalState":{"key":"06","name":"Hessen"}},{"name":"Mörikestr.","postalCode":"65232","locality":"Taunusstein","municipality":{"key":"06439015","name":"Taunusstein, Stadt","type":"Stadt"},"district":{"key":"06439","name":"Rheingau-Taunus-Kreis","type":"Landkreis"},"federalState":{"key":"06","name":"Hessen"}},{"name":"Mozartstr.","postalCode":"65232","locality":"Taunusstein","municipality":{"key":"06439015","name":"Taunusstein, Stadt","type":"Stadt"},"district":{"key":"06439","name":"Rheingau-Taunus-Kreis","type":"Landkreis"},"federalState":{"key":"06","name":"Hessen"}},{"name":"Mühlfeldstr.","postalCode":"65232","locality":"Taunusstein","municipality":{"key":"06439015","name":"Taunusstein, Stadt","type":"Stadt"},"district":{"key":"06439","name":"Rheingau-Taunus-Kreis","type":"Landkreis"},"federalState":{"key":"06","name":"Hessen"}},{"name":"Mühlweg","postalCode":"65232","locality":"Taunusstein","municipality":{"key":"06439015","name":"Taunusstein, Stadt","type":"Stadt"},"district":{"key":"06439","name":"Rheingau-Taunus-Kreis","type":"Landkreis"},"federalState":{"key":"06","name":"Hessen"}},{"name":"Müllerwies","postalCode":"65232","locality":"Taunusstein","municipality":{"key":"06439015","name":"Taunusstein, Stadt","type":"Stadt"},"district":{"key":"06439","name":"Rheingau-Taunus-Kreis","type":"Landkreis"},"federalState":{"key":"06","name":"Hessen"}},{"name":"Nassauer Str.","postalCode":"65232","locality":"Taunusstein","municipality":{"key":"06439015","name":"Taunusstein, Stadt","type":"Stadt"},"district":{"key":"06439","name":"Rheingau-Taunus-Kreis","type":"Landkreis"},"federalState":{"key":"06","name":"Hessen"}},{"name":"Nelkenstr.","postalCode":"65232","locality":"Taunusstein","municipality":{"key":"06439015","name":"Taunusstein, Stadt","type":"Stadt"},"district":{"key":"06439","name":"Rheingau-Taunus-Kreis","type":"Landkreis"},"federalState":{"key":"06","name":"Hessen"}},{"name":"Neuer Weg","postalCode":"65232","locality":"Taunusstein","municipality":{"key":"06439015","name":"Taunusstein, Stadt","type":"Stadt"},"district":{"key":"06439","name":"Rheingau-Taunus-Kreis","type":"Landkreis"},"federalState":{"key":"06","name":"Hessen"}},{"name":"Neuhofer Str.","postalCode":"65232","locality":"Taunusstein","municipality":{"key":"06439015","name":"Taunusstein, Stadt","type":"Stadt"},"district":{"key":"06439","name":"Rheingau-Taunus-Kreis","type":"Landkreis"},"federalState":{"key":"06","name":"Hessen"}},{"name":"Nibelungenstr.","postalCode":"65232","locality":"Taunusstein","municipality":{"key":"06439015","name":"Taunusstein, Stadt","type":"Stadt"},"district":{"key":"06439","name":"Rheingau-Taunus-Kreis","type":"Landkreis"},"federalState":{"key":"06","name":"Hessen"}},{"name":"Niederhäuser Eisenstr.","postalCode":"65232","locality":"Taunusstein","municipality":{"key":"06439015","name":"Taunusstein, Stadt","type":"Stadt"},"district":{"key":"06439","name":"Rheingau-Taunus-Kreis","type":"Landkreis"},"federalState":{"key":"06","name":"Hessen"}},{"name":"Ober dem Bienengarten","postalCode":"65232","locality":"Taunusstein","municipality":{"key":"06439015","name":"Taunusstein, Stadt","type":"Stadt"},"district":{"key":"06439","name":"Rheingau-Taunus-Kreis","type":"Landkreis"},"federalState":{"key":"06","name":"Hessen"}},{"name":"Obere Danziger Str.","postalCode":"65232","locality":"Taunusstein","municipality":{"key":"06439015","name":"Taunusstein, Stadt","type":"Stadt"},"district":{"key":"06439","name":"Rheingau-Taunus-Kreis","type":"Landkreis"},"federalState":{"key":"06","name":"Hessen"}},{"name":"Obere Waldstr.","postalCode":"65232","locality":"Taunusstein","municipality":{"key":"06439015","name":"Taunusstein, Stadt","type":"Stadt"},"district":{"key":"06439","name":"Rheingau-Taunus-Kreis","type":"Landkreis"},"federalState":{"key":"06","name":"Hessen"}},{"name":"Obergasse","postalCode":"65232","locality":"Taunusstein","municipality":{"key":"06439015","name":"Taunusstein, Stadt","type":"Stadt"},"district":{"key":"06439","name":"Rheingau-Taunus-Kreis","type":"Landkreis"},"federalState":{"key":"06","name":"Hessen"}},{"name":"Odenwaldstr.","postalCode":"65232","locality":"Taunusstein","municipality":{"key":"06439015","name":"Taunusstein, Stadt","type":"Stadt"},"district":{"key":"06439","name":"Rheingau-Taunus-Kreis","type":"Landkreis"},"federalState":{"key":"06","name":"Hessen"}},{"name":"Oestricher Str.","postalCode":"65232","locality":"Taunusstein","municipality":{"key":"06439015","name":"Taunusstein, Stadt","type":"Stadt"},"district":{"key":"06439","name":"Rheingau-Taunus-Kreis","type":"Landkreis"},"federalState":{"key":"06","name":"Hessen"}},{"name":"Orchideenstr.","postalCode":"65232","locality":"Taunusstein","municipality":{"key":"06439015","name":"Taunusstein, Stadt","type":"Stadt"},"district":{"key":"06439","name":"Rheingau-Taunus-Kreis","type":"Landkreis"},"federalState":{"key":"06","name":"Hessen"}},{"name":"Otto-Nielk-Str.","postalCode":"65232","locality":"Taunusstein","municipality":{"key":"06439015","name":"Taunusstein, Stadt","type":"Stadt"},"district":{"key":"06439","name":"Rheingau-Taunus-Kreis","type":"Landkreis"},"federalState":{"key":"06","name":"Hessen"}},{"name":"Panoramastr.","postalCode":"65232","locality":"Taunusstein","municipality":{"key":"06439015","name":"Taunusstein, Stadt","type":"Stadt"},"district":{"key":"06439","name":"Rheingau-Taunus-Kreis","type":"Landkreis"},"federalState":{"key":"06","name":"Hessen"}},{"name":"Parkstr.","postalCode":"65232","locality":"Taunusstein","municipality":{"key":"06439015","name":"Taunusstein, Stadt","type":"Stadt"},"district":{"key":"06439","name":"Rheingau-Taunus-Kreis","type":"Landkreis"},"federalState":{"key":"06","name":"Hessen"}},{"name":"Pestalozzistr.","postalCode":"65232","locality":"Taunusstein","municipality":{"key":"06439015","name":"Taunusstein, Stadt","type":"Stadt"},"district":{"key":"06439","name":"Rheingau-Taunus-Kreis","type":"Landkreis"},"federalState":{"key":"06","name":"Hessen"}},{"name":"Pfahlgrabenweg","postalCode":"65232","locality":"Taunusstein","municipality":{"key":"06439015","name":"Taunusstein, Stadt","type":"Stadt"},"district":{"key":"06439","name":"Rheingau-Taunus-Kreis","type":"Landkreis"},"federalState":{"key":"06","name":"Hessen"}},{"name":"Pfarrstr.","postalCode":"65232","locality":"Taunusstein","municipality":{"key":"06439015","name":"Taunusstein, Stadt","type":"Stadt"},"district":{"key":"06439","name":"Rheingau-Taunus-Kreis","type":"Landkreis"},"federalState":{"key":"06","name":"Hessen"}},{"name":"Pferdsweide","postalCode":"65232","locality":"Taunusstein","municipality":{"key":"06439015","name":"Taunusstein, Stadt","type":"Stadt"},"district":{"key":"06439","name":"Rheingau-Taunus-Kreis","type":"Landkreis"},"federalState":{"key":"06","name":"Hessen"}},{"name":"Philipp-Reis-Str.","postalCode":"65232","locality":"Taunusstein","municipality":{"key":"06439015","name":"Taunusstein, Stadt","type":"Stadt"},"district":{"key":"06439","name":"Rheingau-Taunus-Kreis","type":"Landkreis"},"federalState":{"key":"06","name":"Hessen"}},{"name":"Platter Str.","postalCode":"65232","locality":"Taunusstein","municipality":{"key":"06439015","name":"Taunusstein, Stadt","type":"Stadt"},"district":{"key":"06439","name":"Rheingau-Taunus-Kreis","type":"Landkreis"},"federalState":{"key":"06","name":"Hessen"}},{"name":"Querstr.","postalCode":"65232","locality":"Taunusstein","municipality":{"key":"06439015","name":"Taunusstein, Stadt","type":"Stadt"},"district":{"key":"06439","name":"Rheingau-Taunus-Kreis","type":"Landkreis"},"federalState":{"key":"06","name":"Hessen"}},{"name":"Rechtern-Weg","postalCode":"65232","locality":"Taunusstein","municipality":{"key":"06439015","name":"Taunusstein, Stadt","type":"Stadt"},"district":{"key":"06439","name":"Rheingau-Taunus-Kreis","type":"Landkreis"},"federalState":{"key":"06","name":"Hessen"}},{"name":"Reichenberger Str.","postalCode":"65232","locality":"Taunusstein","municipality":{"key":"06439015","name":"Taunusstein, Stadt","type":"Stadt"},"district":{"key":"06439","name":"Rheingau-Taunus-Kreis","type":"Landkreis"},"federalState":{"key":"06","name":"Hessen"}},{"name":"Rembrandtstr.","postalCode":"65232","locality":"Taunusstein","municipality":{"key":"06439015","name":"Taunusstein, Stadt","type":"Stadt"},"district":{"key":"06439","name":"Rheingau-Taunus-Kreis","type":"Landkreis"},"federalState":{"key":"06","name":"Hessen"}},{"name":"Rheingauer Weg","postalCode":"65232","locality":"Taunusstein","municipality":{"key":"06439015","name":"Taunusstein, Stadt","type":"Stadt"},"district":{"key":"06439","name":"Rheingau-Taunus-Kreis","type":"Landkreis"},"federalState":{"key":"06","name":"Hessen"}},{"name":"Rheingoldstr.","postalCode":"65232","locality":"Taunusstein","municipality":{"key":"06439015","name":"Taunusstein, Stadt","type":"Stadt"},"district":{"key":"06439","name":"Rheingau-Taunus-Kreis","type":"Landkreis"},"federalState":{"key":"06","name":"Hessen"}},{"name":"Rhönstr.","postalCode":"65232","locality":"Taunusstein","municipality":{"key":"06439015","name":"Taunusstein, Stadt","type":"Stadt"},"district":{"key":"06439","name":"Rheingau-Taunus-Kreis","type":"Landkreis"},"federalState":{"key":"06","name":"Hessen"}},{"name":"Ritterweg","postalCode":"65232","locality":"Taunusstein","municipality":{"key":"06439015","name":"Taunusstein, Stadt","type":"Stadt"},"district":{"key":"06439","name":"Rheingau-Taunus-Kreis","type":"Landkreis"},"federalState":{"key":"06","name":"Hessen"}},{"name":"Robert-Koch-Str.","postalCode":"65232","locality":"Taunusstein","municipality":{"key":"06439015","name":"Taunusstein, Stadt","type":"Stadt"},"district":{"key":"06439","name":"Rheingau-Taunus-Kreis","type":"Landkreis"},"federalState":{"key":"06","name":"Hessen"}},{"name":"Röderweg","postalCode":"65232","locality":"Taunusstein","municipality":{"key":"06439015","name":"Taunusstein, Stadt","type":"Stadt"},"district":{"key":"06439","name":"Rheingau-Taunus-Kreis","type":"Landkreis"},"federalState":{"key":"06","name":"Hessen"}},{"name":"Rolandstr.","postalCode":"65232","locality":"Taunusstein","municipality":{"key":"06439015","name":"Taunusstein, Stadt","type":"Stadt"},"district":{"key":"06439","name":"Rheingau-Taunus-Kreis","type":"Landkreis"},"federalState":{"key":"06","name":"Hessen"}},{"name":"Römerstr.","postalCode":"65232","locality":"Taunusstein","municipality":{"key":"06439015","name":"Taunusstein, Stadt","type":"Stadt"},"district":{"key":"06439","name":"Rheingau-Taunus-Kreis","type":"Landkreis"},"federalState":{"key":"06","name":"Hessen"}},{"name":"Rosenweg","postalCode":"65232","locality":"Taunusstein","municipality":{"key":"06439015","name":"Taunusstein, Stadt","type":"Stadt"},"district":{"key":"06439","name":"Rheingau-Taunus-Kreis","type":"Landkreis"},"federalState":{"key":"06","name":"Hessen"}},{"name":"Roßbachhöhe","postalCode":"65232","locality":"Taunusstein","municipality":{"key":"06439015","name":"Taunusstein, Stadt","type":"Stadt"},"district":{"key":"06439","name":"Rheingau-Taunus-Kreis","type":"Landkreis"},"federalState":{"key":"06","name":"Hessen"}},{"name":"Roßbergstr.","postalCode":"65232","locality":"Taunusstein","municipality":{"key":"06439015","name":"Taunusstein, Stadt","type":"Stadt"},"district":{"key":"06439","name":"Rheingau-Taunus-Kreis","type":"Landkreis"},"federalState":{"key":"06","name":"Hessen"}},{"name":"Rothe Hustert","postalCode":"65232","locality":"Taunusstein","municipality":{"key":"06439015","name":"Taunusstein, Stadt","type":"Stadt"},"district":{"key":"06439","name":"Rheingau-Taunus-Kreis","type":"Landkreis"},"federalState":{"key":"06","name":"Hessen"}},{"name":"Rudolf-Dietz-Str.","postalCode":"65232","locality":"Taunusstein","municipality":{"key":"06439015","name":"Taunusstein, Stadt","type":"Stadt"},"district":{"key":"06439","name":"Rheingau-Taunus-Kreis","type":"Landkreis"},"federalState":{"key":"06","name":"Hessen"}},{"name":"Saalburgstr.","postalCode":"65232","locality":"Taunusstein","municipality":{"key":"06439015","name":"Taunusstein, Stadt","type":"Stadt"},"district":{"key":"06439","name":"Rheingau-Taunus-Kreis","type":"Landkreis"},"federalState":{"key":"06","name":"Hessen"}},{"name":"Saarstr.","postalCode":"65232","locality":"Taunusstein","municipality":{"key":"06439015","name":"Taunusstein, Stadt","type":"Stadt"},"district":{"key":"06439","name":"Rheingau-Taunus-Kreis","type":"Landkreis"},"federalState":{"key":"06","name":"Hessen"}},{"name":"Sauerbruchstr.","postalCode":"65232","locality":"Taunusstein","municipality":{"key":"06439015","name":"Taunusstein, Stadt","type":"Stadt"},"district":{"key":"06439","name":"Rheingau-Taunus-Kreis","type":"Landkreis"},"federalState":{"key":"06","name":"Hessen"}},{"name":"Schanzenweg","postalCode":"65232","locality":"Taunusstein","municipality":{"key":"06439015","name":"Taunusstein, Stadt","type":"Stadt"},"district":{"key":"06439","name":"Rheingau-Taunus-Kreis","type":"Landkreis"},"federalState":{"key":"06","name":"Hessen"}},{"name":"Scheidertalstr.","postalCode":"65232","locality":"Taunusstein","municipality":{"key":"06439015","name":"Taunusstein, Stadt","type":"Stadt"},"district":{"key":"06439","name":"Rheingau-Taunus-Kreis","type":"Landkreis"},"federalState":{"key":"06","name":"Hessen"}},{"name":"Schillerstr.","postalCode":"65232","locality":"Taunusstein","municipality":{"key":"06439015","name":"Taunusstein, Stadt","type":"Stadt"},"district":{"key":"06439","name":"Rheingau-Taunus-Kreis","type":"Landkreis"},"federalState":{"key":"06","name":"Hessen"}},{"name":"Schloßgraben","postalCode":"65232","locality":"Taunusstein","municipality":{"key":"06439015","name":"Taunusstein, Stadt","type":"Stadt"},"district":{"key":"06439","name":"Rheingau-Taunus-Kreis","type":"Landkreis"},"federalState":{"key":"06","name":"Hessen"}},{"name":"Schmiedegasse","postalCode":"65232","locality":"Taunusstein","municipality":{"key":"06439015","name":"Taunusstein, Stadt","type":"Stadt"},"district":{"key":"06439","name":"Rheingau-Taunus-Kreis","type":"Landkreis"},"federalState":{"key":"06","name":"Hessen"}},{"name":"Schönauer Str.","postalCode":"65232","locality":"Taunusstein","municipality":{"key":"06439015","name":"Taunusstein, Stadt","type":"Stadt"},"district":{"key":"06439","name":"Rheingau-Taunus-Kreis","type":"Landkreis"},"federalState":{"key":"06","name":"Hessen"}},{"name":"Schöne Aussicht","postalCode":"65232","locality":"Taunusstein","municipality":{"key":"06439015","name":"Taunusstein, Stadt","type":"Stadt"},"district":{"key":"06439","name":"Rheingau-Taunus-Kreis","type":"Landkreis"},"federalState":{"key":"06","name":"Hessen"}},{"name":"Schubertstr.","postalCode":"65232","locality":"Taunusstein","municipality":{"key":"06439015","name":"Taunusstein, Stadt","type":"Stadt"},"district":{"key":"06439","name":"Rheingau-Taunus-Kreis","type":"Landkreis"},"federalState":{"key":"06","name":"Hessen"}},{"name":"Schulstr.","postalCode":"65232","locality":"Taunusstein","municipality":{"key":"06439015","name":"Taunusstein, Stadt","type":"Stadt"},"district":{"key":"06439","name":"Rheingau-Taunus-Kreis","type":"Landkreis"},"federalState":{"key":"06","name":"Hessen"}},{"name":"Schumannstr.","postalCode":"65232","locality":"Taunusstein","municipality":{"key":"06439015","name":"Taunusstein, Stadt","type":"Stadt"},"district":{"key":"06439","name":"Rheingau-Taunus-Kreis","type":"Landkreis"},"federalState":{"key":"06","name":"Hessen"}},{"name":"Schützenstr.","postalCode":"65232","locality":"Taunusstein","municipality":{"key":"06439015","name":"Taunusstein, Stadt","type":"Stadt"},"district":{"key":"06439","name":"Rheingau-Taunus-Kreis","type":"Landkreis"},"federalState":{"key":"06","name":"Hessen"}},{"name":"Schwalbenweg","postalCode":"65232","locality":"Taunusstein","municipality":{"key":"06439015","name":"Taunusstein, Stadt","type":"Stadt"},"district":{"key":"06439","name":"Rheingau-Taunus-Kreis","type":"Landkreis"},"federalState":{"key":"06","name":"Hessen"}},{"name":"Schwarzwaldstr.","postalCode":"65232","locality":"Taunusstein","municipality":{"key":"06439015","name":"Taunusstein, Stadt","type":"Stadt"},"district":{"key":"06439","name":"Rheingau-Taunus-Kreis","type":"Landkreis"},"federalState":{"key":"06","name":"Hessen"}},{"name":"Seelbacher Weg","postalCode":"65232","locality":"Taunusstein","municipality":{"key":"06439015","name":"Taunusstein, Stadt","type":"Stadt"},"district":{"key":"06439","name":"Rheingau-Taunus-Kreis","type":"Landkreis"},"federalState":{"key":"06","name":"Hessen"}},{"name":"Seifer Weg","postalCode":"65232","locality":"Taunusstein","municipality":{"key":"06439015","name":"Taunusstein, Stadt","type":"Stadt"},"district":{"key":"06439","name":"Rheingau-Taunus-Kreis","type":"Landkreis"},"federalState":{"key":"06","name":"Hessen"}},{"name":"Siegfriedstr.","postalCode":"65232","locality":"Taunusstein","municipality":{"key":"06439015","name":"Taunusstein, Stadt","type":"Stadt"},"district":{"key":"06439","name":"Rheingau-Taunus-Kreis","type":"Landkreis"},"federalState":{"key":"06","name":"Hessen"}},{"name":"Siemensstr.","postalCode":"65232","locality":"Taunusstein","municipality":{"key":"06439015","name":"Taunusstein, Stadt","type":"Stadt"},"district":{"key":"06439","name":"Rheingau-Taunus-Kreis","type":"Landkreis"},"federalState":{"key":"06","name":"Hessen"}},{"name":"Silberbachstr.","postalCode":"65232","locality":"Taunusstein","municipality":{"key":"06439015","name":"Taunusstein, Stadt","type":"Stadt"},"district":{"key":"06439","name":"Rheingau-Taunus-Kreis","type":"Landkreis"},"federalState":{"key":"06","name":"Hessen"}},{"name":"Sommerauweg","postalCode":"65232","locality":"Taunusstein","municipality":{"key":"06439015","name":"Taunusstein, Stadt","type":"Stadt"},"district":{"key":"06439","name":"Rheingau-Taunus-Kreis","type":"Landkreis"},"federalState":{"key":"06","name":"Hessen"}},{"name":"Sonnenberger Str.","postalCode":"65232","locality":"Taunusstein","municipality":{"key":"06439015","name":"Taunusstein, Stadt","type":"Stadt"},"district":{"key":"06439","name":"Rheingau-Taunus-Kreis","type":"Landkreis"},"federalState":{"key":"06","name":"Hessen"}},{"name":"Sonnenblumenweg","postalCode":"65232","locality":"Taunusstein","municipality":{"key":"06439015","name":"Taunusstein, Stadt","type":"Stadt"},"district":{"key":"06439","name":"Rheingau-Taunus-Kreis","type":"Landkreis"},"federalState":{"key":"06","name":"Hessen"}},{"name":"Sperberweg","postalCode":"65232","locality":"Taunusstein","municipality":{"key":"06439015","name":"Taunusstein, Stadt","type":"Stadt"},"district":{"key":"06439","name":"Rheingau-Taunus-Kreis","type":"Landkreis"},"federalState":{"key":"06","name":"Hessen"}},{"name":"Spessartstr.","postalCode":"65232","locality":"Taunusstein","municipality":{"key":"06439015","name":"Taunusstein, Stadt","type":"Stadt"},"district":{"key":"06439","name":"Rheingau-Taunus-Kreis","type":"Landkreis"},"federalState":{"key":"06","name":"Hessen"}},{"name":"Steckenrother Weg","postalCode":"65232","locality":"Taunusstein","municipality":{"key":"06439015","name":"Taunusstein, Stadt","type":"Stadt"},"district":{"key":"06439","name":"Rheingau-Taunus-Kreis","type":"Landkreis"},"federalState":{"key":"06","name":"Hessen"}},{"name":"Steinritzweg","postalCode":"65232","locality":"Taunusstein","municipality":{"key":"06439015","name":"Taunusstein, Stadt","type":"Stadt"},"district":{"key":"06439","name":"Rheingau-Taunus-Kreis","type":"Landkreis"},"federalState":{"key":"06","name":"Hessen"}},{"name":"Stephanstr.","postalCode":"65232","locality":"Taunusstein","municipality":{"key":"06439015","name":"Taunusstein, Stadt","type":"Stadt"},"district":{"key":"06439","name":"Rheingau-Taunus-Kreis","type":"Landkreis"},"federalState":{"key":"06","name":"Hessen"}},{"name":"Sternberger Weg","postalCode":"65232","locality":"Taunusstein","municipality":{"key":"06439015","name":"Taunusstein, Stadt","type":"Stadt"},"district":{"key":"06439","name":"Rheingau-Taunus-Kreis","type":"Landkreis"},"federalState":{"key":"06","name":"Hessen"}},{"name":"Stiftshof","postalCode":"65232","locality":"Taunusstein","municipality":{"key":"06439015","name":"Taunusstein, Stadt","type":"Stadt"},"district":{"key":"06439","name":"Rheingau-Taunus-Kreis","type":"Landkreis"},"federalState":{"key":"06","name":"Hessen"}},{"name":"Stiftstr.","postalCode":"65232","locality":"Taunusstein","municipality":{"key":"06439015","name":"Taunusstein, Stadt","type":"Stadt"},"district":{"key":"06439","name":"Rheingau-Taunus-Kreis","type":"Landkreis"},"federalState":{"key":"06","name":"Hessen"}},{"name":"Strinzer Weg","postalCode":"65232","locality":"Taunusstein","municipality":{"key":"06439015","name":"Taunusstein, Stadt","type":"Stadt"},"district":{"key":"06439","name":"Rheingau-Taunus-Kreis","type":"Landkreis"},"federalState":{"key":"06","name":"Hessen"}},{"name":"Talstr.","postalCode":"65232","locality":"Taunusstein","municipality":{"key":"06439015","name":"Taunusstein, Stadt","type":"Stadt"},"district":{"key":"06439","name":"Rheingau-Taunus-Kreis","type":"Landkreis"},"federalState":{"key":"06","name":"Hessen"}},{"name":"Tannenweg","postalCode":"65232","locality":"Taunusstein","municipality":{"key":"06439015","name":"Taunusstein, Stadt","type":"Stadt"},"district":{"key":"06439","name":"Rheingau-Taunus-Kreis","type":"Landkreis"},"federalState":{"key":"06","name":"Hessen"}},{"name":"Taunusstr.","postalCode":"65232","locality":"Taunusstein","municipality":{"key":"06439015","name":"Taunusstein, Stadt","type":"Stadt"},"district":{"key":"06439","name":"Rheingau-Taunus-Kreis","type":"Landkreis"},"federalState":{"key":"06","name":"Hessen"}},{"name":"Teutonenweg","postalCode":"65232","locality":"Taunusstein","municipality":{"key":"06439015","name":"Taunusstein, Stadt","type":"Stadt"},"district":{"key":"06439","name":"Rheingau-Taunus-Kreis","type":"Landkreis"},"federalState":{"key":"06","name":"Hessen"}},{"name":"Theodor-Heuss-Str.","postalCode":"65232","locality":"Taunusstein","municipality":{"key":"06439015","name":"Taunusstein, Stadt","type":"Stadt"},"district":{"key":"06439","name":"Rheingau-Taunus-Kreis","type":"Landkreis"},"federalState":{"key":"06","name":"Hessen"}},{"name":"Trompeterweg","postalCode":"65232","locality":"Taunusstein","municipality":{"key":"06439015","name":"Taunusstein, Stadt","type":"Stadt"},"district":{"key":"06439","name":"Rheingau-Taunus-Kreis","type":"Landkreis"},"federalState":{"key":"06","name":"Hessen"}},{"name":"Tuchbleiche","postalCode":"65232","locality":"Taunusstein","municipality":{"key":"06439015","name":"Taunusstein, Stadt","type":"Stadt"},"district":{"key":"06439","name":"Rheingau-Taunus-Kreis","type":"Landkreis"},"federalState":{"key":"06","name":"Hessen"}},{"name":"Tulpenweg","postalCode":"65232","locality":"Taunusstein","municipality":{"key":"06439015","name":"Taunusstein, Stadt","type":"Stadt"},"district":{"key":"06439","name":"Rheingau-Taunus-Kreis","type":"Landkreis"},"federalState":{"key":"06","name":"Hessen"}},{"name":"Uhlandstr.","postalCode":"65232","locality":"Taunusstein","municipality":{"key":"06439015","name":"Taunusstein, Stadt","type":"Stadt"},"district":{"key":"06439","name":"Rheingau-Taunus-Kreis","type":"Landkreis"},"federalState":{"key":"06","name":"Hessen"}},{"name":"Untere Danziger Str.","postalCode":"65232","locality":"Taunusstein","municipality":{"key":"06439015","name":"Taunusstein, Stadt","type":"Stadt"},"district":{"key":"06439","name":"Rheingau-Taunus-Kreis","type":"Landkreis"},"federalState":{"key":"06","name":"Hessen"}},{"name":"Untergasse","postalCode":"65232","locality":"Taunusstein","municipality":{"key":"06439015","name":"Taunusstein, Stadt","type":"Stadt"},"district":{"key":"06439","name":"Rheingau-Taunus-Kreis","type":"Landkreis"},"federalState":{"key":"06","name":"Hessen"}},{"name":"Utestr.","postalCode":"65232","locality":"Taunusstein","municipality":{"key":"06439015","name":"Taunusstein, Stadt","type":"Stadt"},"district":{"key":"06439","name":"Rheingau-Taunus-Kreis","type":"Landkreis"},"federalState":{"key":"06","name":"Hessen"}},{"name":"Veilchenweg","postalCode":"65232","locality":"Taunusstein","municipality":{"key":"06439015","name":"Taunusstein, Stadt","type":"Stadt"},"district":{"key":"06439","name":"Rheingau-Taunus-Kreis","type":"Landkreis"},"federalState":{"key":"06","name":"Hessen"}},{"name":"Verbindungsweg","postalCode":"65232","locality":"Taunusstein","municipality":{"key":"06439015","name":"Taunusstein, Stadt","type":"Stadt"},"district":{"key":"06439","name":"Rheingau-Taunus-Kreis","type":"Landkreis"},"federalState":{"key":"06","name":"Hessen"}},{"name":"Vogelweige","postalCode":"65232","locality":"Taunusstein","municipality":{"key":"06439015","name":"Taunusstein, Stadt","type":"Stadt"},"district":{"key":"06439","name":"Rheingau-Taunus-Kreis","type":"Landkreis"},"federalState":{"key":"06","name":"Hessen"}},{"name":"Vogtlandstr.","postalCode":"65232","locality":"Taunusstein","municipality":{"key":"06439015","name":"Taunusstein, Stadt","type":"Stadt"},"district":{"key":"06439","name":"Rheingau-Taunus-Kreis","type":"Landkreis"},"federalState":{"key":"06","name":"Hessen"}},{"name":"Vor dem Kirchforst","postalCode":"65232","locality":"Taunusstein","municipality":{"key":"06439015","name":"Taunusstein, Stadt","type":"Stadt"},"district":{"key":"06439","name":"Rheingau-Taunus-Kreis","type":"Landkreis"},"federalState":{"key":"06","name":"Hessen"}},{"name":"Waldstr.","postalCode":"65232","locality":"Taunusstein","municipality":{"key":"06439015","name":"Taunusstein, Stadt","type":"Stadt"},"district":{"key":"06439","name":"Rheingau-Taunus-Kreis","type":"Landkreis"},"federalState":{"key":"06","name":"Hessen"}},{"name":"Walkmühlstr.","postalCode":"65232","locality":"Taunusstein","municipality":{"key":"06439015","name":"Taunusstein, Stadt","type":"Stadt"},"district":{"key":"06439","name":"Rheingau-Taunus-Kreis","type":"Landkreis"},"federalState":{"key":"06","name":"Hessen"}},{"name":"Wallufer Str.","postalCode":"65232","locality":"Taunusstein","municipality":{"key":"06439015","name":"Taunusstein, Stadt","type":"Stadt"},"district":{"key":"06439","name":"Rheingau-Taunus-Kreis","type":"Landkreis"},"federalState":{"key":"06","name":"Hessen"}},{"name":"Walter-Petri-Ring","postalCode":"65232","locality":"Taunusstein","municipality":{"key":"06439015","name":"Taunusstein, Stadt","type":"Stadt"},"district":{"key":"06439","name":"Rheingau-Taunus-Kreis","type":"Landkreis"},"federalState":{"key":"06","name":"Hessen"}},{"name":"Wambacher Weg","postalCode":"65232","locality":"Taunusstein","municipality":{"key":"06439015","name":"Taunusstein, Stadt","type":"Stadt"},"district":{"key":"06439","name":"Rheingau-Taunus-Kreis","type":"Landkreis"},"federalState":{"key":"06","name":"Hessen"}},{"name":"Watzhahner Str.","postalCode":"65232","locality":"Taunusstein","municipality":{"key":"06439015","name":"Taunusstein, Stadt","type":"Stadt"},"district":{"key":"06439","name":"Rheingau-Taunus-Kreis","type":"Landkreis"},"federalState":{"key":"06","name":"Hessen"}},{"name":"Wehener Str.","postalCode":"65232","locality":"Taunusstein","municipality":{"key":"06439015","name":"Taunusstein, Stadt","type":"Stadt"},"district":{"key":"06439","name":"Rheingau-Taunus-Kreis","type":"Landkreis"},"federalState":{"key":"06","name":"Hessen"}},{"name":"Weiherstr.","postalCode":"65232","locality":"Taunusstein","municipality":{"key":"06439015","name":"Taunusstein, Stadt","type":"Stadt"},"district":{"key":"06439","name":"Rheingau-Taunus-Kreis","type":"Landkreis"},"federalState":{"key":"06","name":"Hessen"}},{"name":"Westerwaldstr.","postalCode":"65232","locality":"Taunusstein","municipality":{"key":"06439015","name":"Taunusstein, Stadt","type":"Stadt"},"district":{"key":"06439","name":"Rheingau-Taunus-Kreis","type":"Landkreis"},"federalState":{"key":"06","name":"Hessen"}},{"name":"Wiesbadener Str.","postalCode":"65232","locality":"Taunusstein","municipality":{"key":"06439015","name":"Taunusstein, Stadt","type":"Stadt"},"district":{"key":"06439","name":"Rheingau-Taunus-Kreis","type":"Landkreis"},"federalState":{"key":"06","name":"Hessen"}},{"name":"Wiesbadener Weg","postalCode":"65232","locality":"Taunusstein","municipality":{"key":"06439015","name":"Taunusstein, Stadt","type":"Stadt"},"district":{"key":"06439","name":"Rheingau-Taunus-Kreis","type":"Landkreis"},"federalState":{"key":"06","name":"Hessen"}},{"name":"Wiesenstr.","postalCode":"65232","locality":"Taunusstein","municipality":{"key":"06439015","name":"Taunusstein, Stadt","type":"Stadt"},"district":{"key":"06439","name":"Rheingau-Taunus-Kreis","type":"Landkreis"},"federalState":{"key":"06","name":"Hessen"}},{"name":"Wilhelm-Jacoby-Str.","postalCode":"65232","locality":"Taunusstein","municipality":{"key":"06439015","name":"Taunusstein, Stadt","type":"Stadt"},"district":{"key":"06439","name":"Rheingau-Taunus-Kreis","type":"Landkreis"},"federalState":{"key":"06","name":"Hessen"}},{"name":"Wilhelm-Leuschner-Str.","postalCode":"65232","locality":"Taunusstein","municipality":{"key":"06439015","name":"Taunusstein, Stadt","type":"Stadt"},"district":{"key":"06439","name":"Rheingau-Taunus-Kreis","type":"Landkreis"},"federalState":{"key":"06","name":"Hessen"}},{"name":"Wilhelmstr.","postalCode":"65232","locality":"Taunusstein","municipality":{"key":"06439015","name":"Taunusstein, Stadt","type":"Stadt"},"district":{"key":"06439","name":"Rheingau-Taunus-Kreis","type":"Landkreis"},"federalState":{"key":"06","name":"Hessen"}},{"name":"Willi-Kugelstadt-Platz","postalCode":"65232","locality":"Taunusstein","municipality":{"key":"06439015","name":"Taunusstein, Stadt","type":"Stadt"},"district":{"key":"06439","name":"Rheingau-Taunus-Kreis","type":"Landkreis"},"federalState":{"key":"06","name":"Hessen"}},{"name":"Wingsbacher Weg","postalCode":"65232","locality":"Taunusstein","municipality":{"key":"06439015","name":"Taunusstein, Stadt","type":"Stadt"},"district":{"key":"06439","name":"Rheingau-Taunus-Kreis","type":"Landkreis"},"federalState":{"key":"06","name":"Hessen"}},{"name":"Winkeler Str.","postalCode":"65232","locality":"Taunusstein","municipality":{"key":"06439015","name":"Taunusstein, Stadt","type":"Stadt"},"district":{"key":"06439","name":"Rheingau-Taunus-Kreis","type":"Landkreis"},"federalState":{"key":"06","name":"Hessen"}},{"name":"Wisperstr.","postalCode":"65232","locality":"Taunusstein","municipality":{"key":"06439015","name":"Taunusstein, Stadt","type":"Stadt"},"district":{"key":"06439","name":"Rheingau-Taunus-Kreis","type":"Landkreis"},"federalState":{"key":"06","name":"Hessen"}},{"name":"Wünostr.","postalCode":"65232","locality":"Taunusstein","municipality":{"key":"06439015","name":"Taunusstein, Stadt","type":"Stadt"},"district":{"key":"06439","name":"Rheingau-Taunus-Kreis","type":"Landkreis"},"federalState":{"key":"06","name":"Hessen"}},{"name":"Wünschendorfer Str.","postalCode":"65232","locality":"Taunusstein","municipality":{"key":"06439015","name":"Taunusstein, Stadt","type":"Stadt"},"district":{"key":"06439","name":"Rheingau-Taunus-Kreis","type":"Landkreis"},"federalState":{"key":"06","name":"Hessen"}},{"name":"Yeoviler Str.","postalCode":"65232","locality":"Taunusstein","municipality":{"key":"06439015","name":"Taunusstein, Stadt","type":"Stadt"},"district":{"key":"06439","name":"Rheingau-Taunus-Kreis","type":"Landkreis"},"federalState":{"key":"06","name":"Hessen"}},{"name":"Ziegelhüttenweg","postalCode":"65232","locality":"Taunusstein","municipality":{"key":"06439015","name":"Taunusstein, Stadt","type":"Stadt"},"district":{"key":"06439","name":"Rheingau-Taunus-Kreis","type":"Landkreis"},"federalState":{"key":"06","name":"Hessen"}},{"name":"Zu den Quellen","postalCode":"65232","locality":"Taunusstein","municipality":{"key":"06439015","name":"Taunusstein, Stadt","type":"Stadt"},"district":{"key":"06439","name":"Rheingau-Taunus-Kreis","type":"Landkreis"},"federalState":{"key":"06","name":"Hessen"}},{"name":"Zugmantelstr.","postalCode":"65232","locality":"Taunusstein","municipality":{"key":"06439015","name":"Taunusstein, Stadt","type":"Stadt"},"district":{"key":"06439","name":"Rheingau-Taunus-Kreis","type":"Landkreis"},"federalState":{"key":"06","name":"Hessen"}},{"name":"Zum Römerturm","postalCode":"65232","locality":"Taunusstein","municipality":{"key":"06439015","name":"Taunusstein, Stadt","type":"Stadt"},"district":{"key":"06439","name":"Rheingau-Taunus-Kreis","type":"Landkreis"},"federalState":{"key":"06","name":"Hessen"}},{"name":"Zum Schwimmbad","postalCode":"65232","locality":"Taunusstein","municipality":{"key":"06439015","name":"Taunusstein, Stadt","type":"Stadt"},"district":{"key":"06439","name":"Rheingau-Taunus-Kreis","type":"Landkreis"},"federalState":{"key":"06","name":"Hessen"}},{"name":"Zur Kohlwiese","postalCode":"65232","locality":"Taunusstein","municipality":{"key":"06439015","name":"Taunusstein, Stadt","type":"Stadt"},"district":{"key":"06439","name":"Rheingau-Taunus-Kreis","type":"Landkreis"},"federalState":{"key":"06","name":"Hessen"}},{"name":"Zur Schillereiche","postalCode":"65232","locality":"Taunusstein","municipality":{"key":"06439015","name":"Taunusstein, Stadt","type":"Stadt"},"district":{"key":"06439","name":"Rheingau-Taunus-Kreis","type":"Landkreis"},"federalState":{"key":"06","name":"Hessen"}},{"name":"Zur Tongrube","postalCode":"65232","locality":"Taunusstein","municipality":{"key":"06439015","name":"Taunusstein, Stadt","type":"Stadt"},"district":{"key":"06439","name":"Rheingau-Taunus-Kreis","type":"Landkreis"},"federalState":{"key":"06","name":"Hessen"}},]