[{"name":"10th Avenue","postalCode":"67661","locality":"Kaiserslautern","municipality":{"key":"07312000","name":"Kaiserslautern, Stadt","type":"Kreisfreie_Stadt"},"district":{"key":"07312","name":"Kaiserslautern, kreisfreie Stadt","type":"Kreisfreie_Stadt"},"federalState":{"key":"07","name":"Rheinland-Pfalz"}},{"name":"5th Avenue","postalCode":"67661","locality":"Kaiserslautern","municipality":{"key":"07312000","name":"Kaiserslautern, Stadt","type":"Kreisfreie_Stadt"},"district":{"key":"07312","name":"Kaiserslautern, kreisfreie Stadt","type":"Kreisfreie_Stadt"},"federalState":{"key":"07","name":"Rheinland-Pfalz"}},{"name":"6th Avenue","postalCode":"67661","locality":"Kaiserslautern","municipality":{"key":"07312000","name":"Kaiserslautern, Stadt","type":"Kreisfreie_Stadt"},"district":{"key":"07312","name":"Kaiserslautern, kreisfreie Stadt","type":"Kreisfreie_Stadt"},"federalState":{"key":"07","name":"Rheinland-Pfalz"}},{"name":"Adolph-Kolping-Platz","postalCode":"66849","locality":"Landstuhl","municipality":{"key":"07335022","name":"Landstuhl, Sickingenstadt, Stadt","type":"Stadt"},"district":{"key":"07335","name":"Kaiserslautern","type":"Landkreis"},"federalState":{"key":"07","name":"Rheinland-Pfalz"}},{"name":"Akazienstr.","postalCode":"66849","locality":"Landstuhl","municipality":{"key":"07335022","name":"Landstuhl, Sickingenstadt, Stadt","type":"Stadt"},"district":{"key":"07335","name":"Kaiserslautern","type":"Landkreis"},"federalState":{"key":"07","name":"Rheinland-Pfalz"}},{"name":"Am Alten Markt","postalCode":"66849","locality":"Landstuhl","municipality":{"key":"07335022","name":"Landstuhl, Sickingenstadt, Stadt","type":"Stadt"},"district":{"key":"07335","name":"Kaiserslautern","type":"Landkreis"},"federalState":{"key":"07","name":"Rheinland-Pfalz"}},{"name":"Am Bachgraben","postalCode":"66849","locality":"Landstuhl","municipality":{"key":"07335022","name":"Landstuhl, Sickingenstadt, Stadt","type":"Stadt"},"district":{"key":"07335","name":"Kaiserslautern","type":"Landkreis"},"federalState":{"key":"07","name":"Rheinland-Pfalz"}},{"name":"Am Berg","postalCode":"66849","locality":"Landstuhl","municipality":{"key":"07335022","name":"Landstuhl, Sickingenstadt, Stadt","type":"Stadt"},"district":{"key":"07335","name":"Kaiserslautern","type":"Landkreis"},"federalState":{"key":"07","name":"Rheinland-Pfalz"}},{"name":"Am Feuerwehrturm","postalCode":"66849","locality":"Landstuhl","municipality":{"key":"07335022","name":"Landstuhl, Sickingenstadt, Stadt","type":"Stadt"},"district":{"key":"07335","name":"Kaiserslautern","type":"Landkreis"},"federalState":{"key":"07","name":"Rheinland-Pfalz"}},{"name":"Am Herrengärtchen","postalCode":"66849","locality":"Landstuhl","municipality":{"key":"07335022","name":"Landstuhl, Sickingenstadt, Stadt","type":"Stadt"},"district":{"key":"07335","name":"Kaiserslautern","type":"Landkreis"},"federalState":{"key":"07","name":"Rheinland-Pfalz"}},{"name":"Am Nanstein","postalCode":"66849","locality":"Landstuhl","municipality":{"key":"07335022","name":"Landstuhl, Sickingenstadt, Stadt","type":"Stadt"},"district":{"key":"07335","name":"Kaiserslautern","type":"Landkreis"},"federalState":{"key":"07","name":"Rheinland-Pfalz"}},{"name":"Am Rathaus","postalCode":"66849","locality":"Landstuhl","municipality":{"key":"07335022","name":"Landstuhl, Sickingenstadt, Stadt","type":"Stadt"},"district":{"key":"07335","name":"Kaiserslautern","type":"Landkreis"},"federalState":{"key":"07","name":"Rheinland-Pfalz"}},{"name":"Am Rothenborn","postalCode":"66849","locality":"Landstuhl","municipality":{"key":"07335022","name":"Landstuhl, Sickingenstadt, Stadt","type":"Stadt"},"district":{"key":"07335","name":"Kaiserslautern","type":"Landkreis"},"federalState":{"key":"07","name":"Rheinland-Pfalz"}},{"name":"Amselweg","postalCode":"66849","locality":"Landstuhl","municipality":{"key":"07335022","name":"Landstuhl, Sickingenstadt, Stadt","type":"Stadt"},"district":{"key":"07335","name":"Kaiserslautern","type":"Landkreis"},"federalState":{"key":"07","name":"Rheinland-Pfalz"}},{"name":"Am Steinbruch","postalCode":"66849","locality":"Landstuhl","municipality":{"key":"07335022","name":"Landstuhl, Sickingenstadt, Stadt","type":"Stadt"},"district":{"key":"07335","name":"Kaiserslautern","type":"Landkreis"},"federalState":{"key":"07","name":"Rheinland-Pfalz"}},{"name":"Am Stuhl","postalCode":"66849","locality":"Landstuhl","municipality":{"key":"07335022","name":"Landstuhl, Sickingenstadt, Stadt","type":"Stadt"},"district":{"key":"07335","name":"Kaiserslautern","type":"Landkreis"},"federalState":{"key":"07","name":"Rheinland-Pfalz"}},{"name":"An der Halde","postalCode":"66849","locality":"Landstuhl","municipality":{"key":"07335022","name":"Landstuhl, Sickingenstadt, Stadt","type":"Stadt"},"district":{"key":"07335","name":"Kaiserslautern","type":"Landkreis"},"federalState":{"key":"07","name":"Rheinland-Pfalz"}},{"name":"Asternstr.","postalCode":"66849","locality":"Landstuhl","municipality":{"key":"07335022","name":"Landstuhl, Sickingenstadt, Stadt","type":"Stadt"},"district":{"key":"07335","name":"Kaiserslautern","type":"Landkreis"},"federalState":{"key":"07","name":"Rheinland-Pfalz"}},{"name":"Auf der Pick","postalCode":"66849","locality":"Landstuhl","municipality":{"key":"07335022","name":"Landstuhl, Sickingenstadt, Stadt","type":"Stadt"},"district":{"key":"07335","name":"Kaiserslautern","type":"Landkreis"},"federalState":{"key":"07","name":"Rheinland-Pfalz"}},{"name":"Austr.","postalCode":"66849","locality":"Landstuhl","municipality":{"key":"07335022","name":"Landstuhl, Sickingenstadt, Stadt","type":"Stadt"},"district":{"key":"07335","name":"Kaiserslautern","type":"Landkreis"},"federalState":{"key":"07","name":"Rheinland-Pfalz"}},{"name":"Avenue 1","postalCode":"66849","locality":"Landstuhl","municipality":{"key":"07335022","name":"Landstuhl, Sickingenstadt, Stadt","type":"Stadt"},"district":{"key":"07335","name":"Kaiserslautern","type":"Landkreis"},"federalState":{"key":"07","name":"Rheinland-Pfalz"}},{"name":"Bahnstr.","postalCode":"66849","locality":"Landstuhl","municipality":{"key":"07335022","name":"Landstuhl, Sickingenstadt, Stadt","type":"Stadt"},"district":{"key":"07335","name":"Kaiserslautern","type":"Landkreis"},"federalState":{"key":"07","name":"Rheinland-Pfalz"}},{"name":"Barbarossastr.","postalCode":"66849","locality":"Landstuhl","municipality":{"key":"07335022","name":"Landstuhl, Sickingenstadt, Stadt","type":"Stadt"},"district":{"key":"07335","name":"Kaiserslautern","type":"Landkreis"},"federalState":{"key":"07","name":"Rheinland-Pfalz"}},{"name":"Beach Street","postalCode":"66849","locality":"Landstuhl","municipality":{"key":"07335022","name":"Landstuhl, Sickingenstadt, Stadt","type":"Stadt"},"district":{"key":"07335","name":"Kaiserslautern","type":"Landkreis"},"federalState":{"key":"07","name":"Rheinland-Pfalz"}},{"name":"Beethovenstr.","postalCode":"66849","locality":"Landstuhl","municipality":{"key":"07335022","name":"Landstuhl, Sickingenstadt, Stadt","type":"Stadt"},"district":{"key":"07335","name":"Kaiserslautern","type":"Landkreis"},"federalState":{"key":"07","name":"Rheinland-Pfalz"}},{"name":"Bergsteige","postalCode":"66849","locality":"Landstuhl","municipality":{"key":"07335022","name":"Landstuhl, Sickingenstadt, Stadt","type":"Stadt"},"district":{"key":"07335","name":"Kaiserslautern","type":"Landkreis"},"federalState":{"key":"07","name":"Rheinland-Pfalz"}},{"name":"Berliner Str.","postalCode":"66849","locality":"Landstuhl","municipality":{"key":"07335022","name":"Landstuhl, Sickingenstadt, Stadt","type":"Stadt"},"district":{"key":"07335","name":"Kaiserslautern","type":"Landkreis"},"federalState":{"key":"07","name":"Rheinland-Pfalz"}},{"name":"Birch Street","postalCode":"66849","locality":"Landstuhl","municipality":{"key":"07335022","name":"Landstuhl, Sickingenstadt, Stadt","type":"Stadt"},"district":{"key":"07335","name":"Kaiserslautern","type":"Landkreis"},"federalState":{"key":"07","name":"Rheinland-Pfalz"}},{"name":"Birkenweg","postalCode":"66849","locality":"Landstuhl","municipality":{"key":"07335022","name":"Landstuhl, Sickingenstadt, Stadt","type":"Stadt"},"district":{"key":"07335","name":"Kaiserslautern","type":"Landkreis"},"federalState":{"key":"07","name":"Rheinland-Pfalz"}},{"name":"Bremmenweg","postalCode":"66849","locality":"Landstuhl","municipality":{"key":"07335022","name":"Landstuhl, Sickingenstadt, Stadt","type":"Stadt"},"district":{"key":"07335","name":"Kaiserslautern","type":"Landkreis"},"federalState":{"key":"07","name":"Rheinland-Pfalz"}},{"name":"Breslauer Str.","postalCode":"66849","locality":"Landstuhl","municipality":{"key":"07335022","name":"Landstuhl, Sickingenstadt, Stadt","type":"Stadt"},"district":{"key":"07335","name":"Kaiserslautern","type":"Landkreis"},"federalState":{"key":"07","name":"Rheinland-Pfalz"}},{"name":"Brucknerstr.","postalCode":"66849","locality":"Landstuhl","municipality":{"key":"07335022","name":"Landstuhl, Sickingenstadt, Stadt","type":"Stadt"},"district":{"key":"07335","name":"Kaiserslautern","type":"Landkreis"},"federalState":{"key":"07","name":"Rheinland-Pfalz"}},{"name":"Buchenstr.","postalCode":"66849","locality":"Landstuhl","municipality":{"key":"07335022","name":"Landstuhl, Sickingenstadt, Stadt","type":"Stadt"},"district":{"key":"07335","name":"Kaiserslautern","type":"Landkreis"},"federalState":{"key":"07","name":"Rheinland-Pfalz"}},{"name":"California Avenue","postalCode":"67661","locality":"Kaiserslautern","municipality":{"key":"07312000","name":"Kaiserslautern, Stadt","type":"Kreisfreie_Stadt"},"district":{"key":"07312","name":"Kaiserslautern, kreisfreie Stadt","type":"Kreisfreie_Stadt"},"federalState":{"key":"07","name":"Rheinland-Pfalz"}},{"name":"Carl-Billand-Str.","postalCode":"67661","locality":"Kaiserslautern","municipality":{"key":"07312000","name":"Kaiserslautern, Stadt","type":"Kreisfreie_Stadt"},"district":{"key":"07312","name":"Kaiserslautern, kreisfreie Stadt","type":"Kreisfreie_Stadt"},"federalState":{"key":"07","name":"Rheinland-Pfalz"}},{"name":"Carl-Diem-Str.","postalCode":"67659","locality":"Kaiserslautern","municipality":{"key":"07312000","name":"Kaiserslautern, Stadt","type":"Kreisfreie_Stadt"},"district":{"key":"07312","name":"Kaiserslautern, kreisfreie Stadt","type":"Kreisfreie_Stadt"},"federalState":{"key":"07","name":"Rheinland-Pfalz"}},{"name":"Carl-Euler-Str.","postalCode":"67663","locality":"Kaiserslautern","municipality":{"key":"07312000","name":"Kaiserslautern, Stadt","type":"Kreisfreie_Stadt"},"district":{"key":"07312","name":"Kaiserslautern, kreisfreie Stadt","type":"Kreisfreie_Stadt"},"federalState":{"key":"07","name":"Rheinland-Pfalz"}},{"name":"Carl-F.-Benz-Str.","postalCode":"67657","locality":"Kaiserslautern","municipality":{"key":"07312000","name":"Kaiserslautern, Stadt","type":"Kreisfreie_Stadt"},"district":{"key":"07312","name":"Kaiserslautern, kreisfreie Stadt","type":"Kreisfreie_Stadt"},"federalState":{"key":"07","name":"Rheinland-Pfalz"}},{"name":"Carl-Jacob-Str.","postalCode":"67659","locality":"Kaiserslautern","municipality":{"key":"07312000","name":"Kaiserslautern, Stadt","type":"Kreisfreie_Stadt"},"district":{"key":"07312","name":"Kaiserslautern, kreisfreie Stadt","type":"Kreisfreie_Stadt"},"federalState":{"key":"07","name":"Rheinland-Pfalz"}},{"name":"Carlo-Schmid-Str.","postalCode":"67663","locality":"Kaiserslautern","municipality":{"key":"07312000","name":"Kaiserslautern, Stadt","type":"Kreisfreie_Stadt"},"district":{"key":"07312","name":"Kaiserslautern, kreisfreie Stadt","type":"Kreisfreie_Stadt"},"federalState":{"key":"07","name":"Rheinland-Pfalz"}},{"name":"Carl-Reichert-Str.","postalCode":"67655","locality":"Kaiserslautern","municipality":{"key":"07312000","name":"Kaiserslautern, Stadt","type":"Kreisfreie_Stadt"},"district":{"key":"07312","name":"Kaiserslautern, kreisfreie Stadt","type":"Kreisfreie_Stadt"},"federalState":{"key":"07","name":"Rheinland-Pfalz"}},{"name":"Carl-Schurz-Str.","postalCode":"67659","locality":"Kaiserslautern","municipality":{"key":"07312000","name":"Kaiserslautern, Stadt","type":"Kreisfreie_Stadt"},"district":{"key":"07312","name":"Kaiserslautern, kreisfreie Stadt","type":"Kreisfreie_Stadt"},"federalState":{"key":"07","name":"Rheinland-Pfalz"}},{"name":"Carl-Sonnenschein-Str.","postalCode":"67663","locality":"Kaiserslautern","municipality":{"key":"07312000","name":"Kaiserslautern, Stadt","type":"Kreisfreie_Stadt"},"district":{"key":"07312","name":"Kaiserslautern, kreisfreie Stadt","type":"Kreisfreie_Stadt"},"federalState":{"key":"07","name":"Rheinland-Pfalz"}},{"name":"Carmerstr.","postalCode":"67661","locality":"Kaiserslautern","municipality":{"key":"07312000","name":"Kaiserslautern, Stadt","type":"Kreisfreie_Stadt"},"district":{"key":"07312","name":"Kaiserslautern, kreisfreie Stadt","type":"Kreisfreie_Stadt"},"federalState":{"key":"07","name":"Rheinland-Pfalz"}},{"name":"Carola-Dauber-Str.","postalCode":"67663","locality":"Kaiserslautern","municipality":{"key":"07312000","name":"Kaiserslautern, Stadt","type":"Kreisfreie_Stadt"},"district":{"key":"07312","name":"Kaiserslautern, kreisfreie Stadt","type":"Kreisfreie_Stadt"},"federalState":{"key":"07","name":"Rheinland-Pfalz"}},{"name":"Carolina Avenue","postalCode":"67661","locality":"Kaiserslautern","municipality":{"key":"07312000","name":"Kaiserslautern, Stadt","type":"Kreisfreie_Stadt"},"district":{"key":"07312","name":"Kaiserslautern, kreisfreie Stadt","type":"Kreisfreie_Stadt"},"federalState":{"key":"07","name":"Rheinland-Pfalz"}},{"name":"Casimirring","postalCode":"67663","locality":"Kaiserslautern","municipality":{"key":"07312000","name":"Kaiserslautern, Stadt","type":"Kreisfreie_Stadt"},"district":{"key":"07312","name":"Kaiserslautern, kreisfreie Stadt","type":"Kreisfreie_Stadt"},"federalState":{"key":"07","name":"Rheinland-Pfalz"}},{"name":"Clara-Immerwahr-Str.","postalCode":"67661","locality":"Kaiserslautern","municipality":{"key":"07312000","name":"Kaiserslautern, Stadt","type":"Kreisfreie_Stadt"},"district":{"key":"07312","name":"Kaiserslautern, kreisfreie Stadt","type":"Kreisfreie_Stadt"},"federalState":{"key":"07","name":"Rheinland-Pfalz"}},{"name":"Colorado Avenue","postalCode":"67661","locality":"Kaiserslautern","municipality":{"key":"07312000","name":"Kaiserslautern, Stadt","type":"Kreisfreie_Stadt"},"district":{"key":"07312","name":"Kaiserslautern, kreisfreie Stadt","type":"Kreisfreie_Stadt"},"federalState":{"key":"07","name":"Rheinland-Pfalz"}},{"name":"Columbia-Str.","postalCode":"67663","locality":"Kaiserslautern","municipality":{"key":"07312000","name":"Kaiserslautern, Stadt","type":"Kreisfreie_Stadt"},"district":{"key":"07312","name":"Kaiserslautern, kreisfreie Stadt","type":"Kreisfreie_Stadt"},"federalState":{"key":"07","name":"Rheinland-Pfalz"}},{"name":"Connecticut Avenue","postalCode":"67661","locality":"Kaiserslautern","municipality":{"key":"07312000","name":"Kaiserslautern, Stadt","type":"Kreisfreie_Stadt"},"district":{"key":"07312","name":"Kaiserslautern, kreisfreie Stadt","type":"Kreisfreie_Stadt"},"federalState":{"key":"07","name":"Rheinland-Pfalz"}},{"name":"Conradstr.","postalCode":"67655","locality":"Kaiserslautern","municipality":{"key":"07312000","name":"Kaiserslautern, Stadt","type":"Kreisfreie_Stadt"},"district":{"key":"07312","name":"Kaiserslautern, kreisfreie Stadt","type":"Kreisfreie_Stadt"},"federalState":{"key":"07","name":"Rheinland-Pfalz"}},{"name":"Cusanusstr.","postalCode":"67663","locality":"Kaiserslautern","municipality":{"key":"07312000","name":"Kaiserslautern, Stadt","type":"Kreisfreie_Stadt"},"district":{"key":"07312","name":"Kaiserslautern, kreisfreie Stadt","type":"Kreisfreie_Stadt"},"federalState":{"key":"07","name":"Rheinland-Pfalz"}},{"name":"Danziger Str.","postalCode":"66849","locality":"Landstuhl","municipality":{"key":"07335022","name":"Landstuhl, Sickingenstadt, Stadt","type":"Stadt"},"district":{"key":"07335","name":"Kaiserslautern","type":"Landkreis"},"federalState":{"key":"07","name":"Rheinland-Pfalz"}},{"name":"Dresdener Str.","postalCode":"66849","locality":"Landstuhl","municipality":{"key":"07335022","name":"Landstuhl, Sickingenstadt, Stadt","type":"Stadt"},"district":{"key":"07335","name":"Kaiserslautern","type":"Landkreis"},"federalState":{"key":"07","name":"Rheinland-Pfalz"}},{"name":"Drosselweg","postalCode":"66849","locality":"Landstuhl","municipality":{"key":"07335022","name":"Landstuhl, Sickingenstadt, Stadt","type":"Stadt"},"district":{"key":"07335","name":"Kaiserslautern","type":"Landkreis"},"federalState":{"key":"07","name":"Rheinland-Pfalz"}},{"name":"Eichenstr.","postalCode":"66849","locality":"Landstuhl","municipality":{"key":"07335022","name":"Landstuhl, Sickingenstadt, Stadt","type":"Stadt"},"district":{"key":"07335","name":"Kaiserslautern","type":"Landkreis"},"federalState":{"key":"07","name":"Rheinland-Pfalz"}},{"name":"Eight Street","postalCode":"66849","locality":"Landstuhl","municipality":{"key":"07335022","name":"Landstuhl, Sickingenstadt, Stadt","type":"Stadt"},"district":{"key":"07335","name":"Kaiserslautern","type":"Landkreis"},"federalState":{"key":"07","name":"Rheinland-Pfalz"}},{"name":"Eisenbahnstr.","postalCode":"66849","locality":"Landstuhl","municipality":{"key":"07335022","name":"Landstuhl, Sickingenstadt, Stadt","type":"Stadt"},"district":{"key":"07335","name":"Kaiserslautern","type":"Landkreis"},"federalState":{"key":"07","name":"Rheinland-Pfalz"}},{"name":"Eleventh Street","postalCode":"66849","locality":"Landstuhl","municipality":{"key":"07335022","name":"Landstuhl, Sickingenstadt, Stadt","type":"Stadt"},"district":{"key":"07335","name":"Kaiserslautern","type":"Landkreis"},"federalState":{"key":"07","name":"Rheinland-Pfalz"}},{"name":"Elmwood Street","postalCode":"66849","locality":"Landstuhl","municipality":{"key":"07335022","name":"Landstuhl, Sickingenstadt, Stadt","type":"Stadt"},"district":{"key":"07335","name":"Kaiserslautern","type":"Landkreis"},"federalState":{"key":"07","name":"Rheinland-Pfalz"}},{"name":"Fabrikstr.","postalCode":"66849","locality":"Landstuhl","municipality":{"key":"07335022","name":"Landstuhl, Sickingenstadt, Stadt","type":"Stadt"},"district":{"key":"07335","name":"Kaiserslautern","type":"Landkreis"},"federalState":{"key":"07","name":"Rheinland-Pfalz"}},{"name":"Fichtenplatz","postalCode":"66849","locality":"Landstuhl","municipality":{"key":"07335022","name":"Landstuhl, Sickingenstadt, Stadt","type":"Stadt"},"district":{"key":"07335","name":"Kaiserslautern","type":"Landkreis"},"federalState":{"key":"07","name":"Rheinland-Pfalz"}},{"name":"Fichtenrain","postalCode":"66849","locality":"Landstuhl","municipality":{"key":"07335022","name":"Landstuhl, Sickingenstadt, Stadt","type":"Stadt"},"district":{"key":"07335","name":"Kaiserslautern","type":"Landkreis"},"federalState":{"key":"07","name":"Rheinland-Pfalz"}},{"name":"Fichtenstr.","postalCode":"66849","locality":"Landstuhl","municipality":{"key":"07335022","name":"Landstuhl, Sickingenstadt, Stadt","type":"Stadt"},"district":{"key":"07335","name":"Kaiserslautern","type":"Landkreis"},"federalState":{"key":"07","name":"Rheinland-Pfalz"}},{"name":"Fifth Street","postalCode":"66849","locality":"Landstuhl","municipality":{"key":"07335022","name":"Landstuhl, Sickingenstadt, Stadt","type":"Stadt"},"district":{"key":"07335","name":"Kaiserslautern","type":"Landkreis"},"federalState":{"key":"07","name":"Rheinland-Pfalz"}},{"name":"Finkenweg","postalCode":"66849","locality":"Landstuhl","municipality":{"key":"07335022","name":"Landstuhl, Sickingenstadt, Stadt","type":"Stadt"},"district":{"key":"07335","name":"Kaiserslautern","type":"Landkreis"},"federalState":{"key":"07","name":"Rheinland-Pfalz"}},{"name":"Forststr.","postalCode":"66849","locality":"Landstuhl","municipality":{"key":"07335022","name":"Landstuhl, Sickingenstadt, Stadt","type":"Stadt"},"district":{"key":"07335","name":"Kaiserslautern","type":"Landkreis"},"federalState":{"key":"07","name":"Rheinland-Pfalz"}},{"name":"Forth Street","postalCode":"66849","locality":"Landstuhl","municipality":{"key":"07335022","name":"Landstuhl, Sickingenstadt, Stadt","type":"Stadt"},"district":{"key":"07335","name":"Kaiserslautern","type":"Landkreis"},"federalState":{"key":"07","name":"Rheinland-Pfalz"}},{"name":"Franz-von-Sickingen-Str.","postalCode":"66849","locality":"Landstuhl","municipality":{"key":"07335022","name":"Landstuhl, Sickingenstadt, Stadt","type":"Stadt"},"district":{"key":"07335","name":"Kaiserslautern","type":"Landkreis"},"federalState":{"key":"07","name":"Rheinland-Pfalz"}},{"name":"Friedhofstr.","postalCode":"66849","locality":"Landstuhl","municipality":{"key":"07335022","name":"Landstuhl, Sickingenstadt, Stadt","type":"Stadt"},"district":{"key":"07335","name":"Kaiserslautern","type":"Landkreis"},"federalState":{"key":"07","name":"Rheinland-Pfalz"}},{"name":"Gartenstr.","postalCode":"66849","locality":"Landstuhl","municipality":{"key":"07335022","name":"Landstuhl, Sickingenstadt, Stadt","type":"Stadt"},"district":{"key":"07335","name":"Kaiserslautern","type":"Landkreis"},"federalState":{"key":"07","name":"Rheinland-Pfalz"}},{"name":"Gorgas Avenue","postalCode":"66849","locality":"Landstuhl","municipality":{"key":"07335022","name":"Landstuhl, Sickingenstadt, Stadt","type":"Stadt"},"district":{"key":"07335","name":"Kaiserslautern","type":"Landkreis"},"federalState":{"key":"07","name":"Rheinland-Pfalz"}},{"name":"Händelstr.","postalCode":"66849","locality":"Landstuhl","municipality":{"key":"07335022","name":"Landstuhl, Sickingenstadt, Stadt","type":"Stadt"},"district":{"key":"07335","name":"Kaiserslautern","type":"Landkreis"},"federalState":{"key":"07","name":"Rheinland-Pfalz"}},{"name":"Hauptstr.","postalCode":"66849","locality":"Landstuhl","municipality":{"key":"07335022","name":"Landstuhl, Sickingenstadt, Stadt","type":"Stadt"},"district":{"key":"07335","name":"Kaiserslautern","type":"Landkreis"},"federalState":{"key":"07","name":"Rheinland-Pfalz"}},{"name":"Haydnstr.","postalCode":"66849","locality":"Landstuhl","municipality":{"key":"07335022","name":"Landstuhl, Sickingenstadt, Stadt","type":"Stadt"},"district":{"key":"07335","name":"Kaiserslautern","type":"Landkreis"},"federalState":{"key":"07","name":"Rheinland-Pfalz"}},{"name":"Hembachstr.","postalCode":"66849","locality":"Landstuhl","municipality":{"key":"07335022","name":"Landstuhl, Sickingenstadt, Stadt","type":"Stadt"},"district":{"key":"07335","name":"Kaiserslautern","type":"Landkreis"},"federalState":{"key":"07","name":"Rheinland-Pfalz"}},{"name":"Hintere Brunnenstr.","postalCode":"66849","locality":"Landstuhl","municipality":{"key":"07335022","name":"Landstuhl, Sickingenstadt, Stadt","type":"Stadt"},"district":{"key":"07335","name":"Kaiserslautern","type":"Landkreis"},"federalState":{"key":"07","name":"Rheinland-Pfalz"}},{"name":"Hintere Fröhnstr.","postalCode":"66849","locality":"Landstuhl","municipality":{"key":"07335022","name":"Landstuhl, Sickingenstadt, Stadt","type":"Stadt"},"district":{"key":"07335","name":"Kaiserslautern","type":"Landkreis"},"federalState":{"key":"07","name":"Rheinland-Pfalz"}},{"name":"Hintere Imserstr.","postalCode":"66849","locality":"Landstuhl","municipality":{"key":"07335022","name":"Landstuhl, Sickingenstadt, Stadt","type":"Stadt"},"district":{"key":"07335","name":"Kaiserslautern","type":"Landkreis"},"federalState":{"key":"07","name":"Rheinland-Pfalz"}},{"name":"Holunderweg","postalCode":"66849","locality":"Landstuhl","municipality":{"key":"07335022","name":"Landstuhl, Sickingenstadt, Stadt","type":"Stadt"},"district":{"key":"07335","name":"Kaiserslautern","type":"Landkreis"},"federalState":{"key":"07","name":"Rheinland-Pfalz"}},{"name":"Hörnchenweg","postalCode":"66849","locality":"Landstuhl","municipality":{"key":"07335022","name":"Landstuhl, Sickingenstadt, Stadt","type":"Stadt"},"district":{"key":"07335","name":"Kaiserslautern","type":"Landkreis"},"federalState":{"key":"07","name":"Rheinland-Pfalz"}},{"name":"Im Frankenthal","postalCode":"66849","locality":"Landstuhl","municipality":{"key":"07335022","name":"Landstuhl, Sickingenstadt, Stadt","type":"Stadt"},"district":{"key":"07335","name":"Kaiserslautern","type":"Landkreis"},"federalState":{"key":"07","name":"Rheinland-Pfalz"}},{"name":"In den Langwiesen","postalCode":"66849","locality":"Landstuhl","municipality":{"key":"07335022","name":"Landstuhl, Sickingenstadt, Stadt","type":"Stadt"},"district":{"key":"07335","name":"Kaiserslautern","type":"Landkreis"},"federalState":{"key":"07","name":"Rheinland-Pfalz"}},{"name":"In der Atzel","postalCode":"66849","locality":"Landstuhl","municipality":{"key":"07335022","name":"Landstuhl, Sickingenstadt, Stadt","type":"Stadt"},"district":{"key":"07335","name":"Kaiserslautern","type":"Landkreis"},"federalState":{"key":"07","name":"Rheinland-Pfalz"}},{"name":"Ireland Loop","postalCode":"66849","locality":"Landstuhl","municipality":{"key":"07335022","name":"Landstuhl, Sickingenstadt, Stadt","type":"Stadt"},"district":{"key":"07335","name":"Kaiserslautern","type":"Landkreis"},"federalState":{"key":"07","name":"Rheinland-Pfalz"}},{"name":"Jahnstr.","postalCode":"66849","locality":"Landstuhl","municipality":{"key":"07335022","name":"Landstuhl, Sickingenstadt, Stadt","type":"Stadt"},"district":{"key":"07335","name":"Kaiserslautern","type":"Landkreis"},"federalState":{"key":"07","name":"Rheinland-Pfalz"}},{"name":"Jefferson Road","postalCode":"66849","locality":"Landstuhl","municipality":{"key":"07335022","name":"Landstuhl, Sickingenstadt, Stadt","type":"Stadt"},"district":{"key":"07335","name":"Kaiserslautern","type":"Landkreis"},"federalState":{"key":"07","name":"Rheinland-Pfalz"}},{"name":"Juliusstr.","postalCode":"66849","locality":"Landstuhl","municipality":{"key":"07335022","name":"Landstuhl, Sickingenstadt, Stadt","type":"Stadt"},"district":{"key":"07335","name":"Kaiserslautern","type":"Landkreis"},"federalState":{"key":"07","name":"Rheinland-Pfalz"}},{"name":"Kahlenbergstr.","postalCode":"66849","locality":"Landstuhl","municipality":{"key":"07335022","name":"Landstuhl, Sickingenstadt, Stadt","type":"Stadt"},"district":{"key":"07335","name":"Kaiserslautern","type":"Landkreis"},"federalState":{"key":"07","name":"Rheinland-Pfalz"}},{"name":"Kaiserstr.","postalCode":"66849","locality":"Landstuhl","municipality":{"key":"07335022","name":"Landstuhl, Sickingenstadt, Stadt","type":"Stadt"},"district":{"key":"07335","name":"Kaiserslautern","type":"Landkreis"},"federalState":{"key":"07","name":"Rheinland-Pfalz"}},{"name":"Kanalstr.","postalCode":"66849","locality":"Landstuhl","municipality":{"key":"07335022","name":"Landstuhl, Sickingenstadt, Stadt","type":"Stadt"},"district":{"key":"07335","name":"Kaiserslautern","type":"Landkreis"},"federalState":{"key":"07","name":"Rheinland-Pfalz"}},{"name":"Kardinal-von-Bettinger-Str.","postalCode":"66849","locality":"Landstuhl","municipality":{"key":"07335022","name":"Landstuhl, Sickingenstadt, Stadt","type":"Stadt"},"district":{"key":"07335","name":"Kaiserslautern","type":"Landkreis"},"federalState":{"key":"07","name":"Rheinland-Pfalz"}},{"name":"Kiefernstr.","postalCode":"66849","locality":"Landstuhl","municipality":{"key":"07335022","name":"Landstuhl, Sickingenstadt, Stadt","type":"Stadt"},"district":{"key":"07335","name":"Kaiserslautern","type":"Landkreis"},"federalState":{"key":"07","name":"Rheinland-Pfalz"}},{"name":"Kirchenstr.","postalCode":"66849","locality":"Landstuhl","municipality":{"key":"07335022","name":"Landstuhl, Sickingenstadt, Stadt","type":"Stadt"},"district":{"key":"07335","name":"Kaiserslautern","type":"Landkreis"},"federalState":{"key":"07","name":"Rheinland-Pfalz"}},{"name":"Kolpingstr.","postalCode":"66849","locality":"Landstuhl","municipality":{"key":"07335022","name":"Landstuhl, Sickingenstadt, Stadt","type":"Stadt"},"district":{"key":"07335","name":"Kaiserslautern","type":"Landkreis"},"federalState":{"key":"07","name":"Rheinland-Pfalz"}},{"name":"Königsberger Str.","postalCode":"66849","locality":"Landstuhl","municipality":{"key":"07335022","name":"Landstuhl, Sickingenstadt, Stadt","type":"Stadt"},"district":{"key":"07335","name":"Kaiserslautern","type":"Landkreis"},"federalState":{"key":"07","name":"Rheinland-Pfalz"}},{"name":"Königstr.","postalCode":"66849","locality":"Landstuhl","municipality":{"key":"07335022","name":"Landstuhl, Sickingenstadt, Stadt","type":"Stadt"},"district":{"key":"07335","name":"Kaiserslautern","type":"Landkreis"},"federalState":{"key":"07","name":"Rheinland-Pfalz"}},{"name":"Konrad-Adenauer-Str.","postalCode":"66849","locality":"Landstuhl","municipality":{"key":"07335022","name":"Landstuhl, Sickingenstadt, Stadt","type":"Stadt"},"district":{"key":"07335","name":"Kaiserslautern","type":"Landkreis"},"federalState":{"key":"07","name":"Rheinland-Pfalz"}},{"name":"Langwiedener Str.","postalCode":"66849","locality":"Landstuhl","municipality":{"key":"07335022","name":"Landstuhl, Sickingenstadt, Stadt","type":"Stadt"},"district":{"key":"07335","name":"Kaiserslautern","type":"Landkreis"},"federalState":{"key":"07","name":"Rheinland-Pfalz"}},{"name":"Lärchenstr.","postalCode":"66849","locality":"Landstuhl","municipality":{"key":"07335022","name":"Landstuhl, Sickingenstadt, Stadt","type":"Stadt"},"district":{"key":"07335","name":"Kaiserslautern","type":"Landkreis"},"federalState":{"key":"07","name":"Rheinland-Pfalz"}},{"name":"Lilienstr.","postalCode":"66849","locality":"Landstuhl","municipality":{"key":"07335022","name":"Landstuhl, Sickingenstadt, Stadt","type":"Stadt"},"district":{"key":"07335","name":"Kaiserslautern","type":"Landkreis"},"federalState":{"key":"07","name":"Rheinland-Pfalz"}},{"name":"Lindenstr.","postalCode":"66849","locality":"Landstuhl","municipality":{"key":"07335022","name":"Landstuhl, Sickingenstadt, Stadt","type":"Stadt"},"district":{"key":"07335","name":"Kaiserslautern","type":"Landkreis"},"federalState":{"key":"07","name":"Rheinland-Pfalz"}},{"name":"Ludwigstr.","postalCode":"66849","locality":"Landstuhl","municipality":{"key":"07335022","name":"Landstuhl, Sickingenstadt, Stadt","type":"Stadt"},"district":{"key":"07335","name":"Kaiserslautern","type":"Landkreis"},"federalState":{"key":"07","name":"Rheinland-Pfalz"}},{"name":"Luitpoldstr.","postalCode":"66849","locality":"Landstuhl","municipality":{"key":"07335022","name":"Landstuhl, Sickingenstadt, Stadt","type":"Stadt"},"district":{"key":"07335","name":"Kaiserslautern","type":"Landkreis"},"federalState":{"key":"07","name":"Rheinland-Pfalz"}},{"name":"Magnolia Street","postalCode":"66849","locality":"Landstuhl","municipality":{"key":"07335022","name":"Landstuhl, Sickingenstadt, Stadt","type":"Stadt"},"district":{"key":"07335","name":"Kaiserslautern","type":"Landkreis"},"federalState":{"key":"07","name":"Rheinland-Pfalz"}},{"name":"Martinstr.","postalCode":"66849","locality":"Landstuhl","municipality":{"key":"07335022","name":"Landstuhl, Sickingenstadt, Stadt","type":"Stadt"},"district":{"key":"07335","name":"Kaiserslautern","type":"Landkreis"},"federalState":{"key":"07","name":"Rheinland-Pfalz"}},{"name":"Meisenweg","postalCode":"66849","locality":"Landstuhl","municipality":{"key":"07335022","name":"Landstuhl, Sickingenstadt, Stadt","type":"Stadt"},"district":{"key":"07335","name":"Kaiserslautern","type":"Landkreis"},"federalState":{"key":"07","name":"Rheinland-Pfalz"}},{"name":"Mittelbrunner Str.","postalCode":"66849","locality":"Landstuhl","municipality":{"key":"07335022","name":"Landstuhl, Sickingenstadt, Stadt","type":"Stadt"},"district":{"key":"07335","name":"Kaiserslautern","type":"Landkreis"},"federalState":{"key":"07","name":"Rheinland-Pfalz"}},{"name":"Moorweg","postalCode":"66849","locality":"Landstuhl","municipality":{"key":"07335022","name":"Landstuhl, Sickingenstadt, Stadt","type":"Stadt"},"district":{"key":"07335","name":"Kaiserslautern","type":"Landkreis"},"federalState":{"key":"07","name":"Rheinland-Pfalz"}},{"name":"Mozartstr.","postalCode":"66849","locality":"Landstuhl","municipality":{"key":"07335022","name":"Landstuhl, Sickingenstadt, Stadt","type":"Stadt"},"district":{"key":"07335","name":"Kaiserslautern","type":"Landkreis"},"federalState":{"key":"07","name":"Rheinland-Pfalz"}},{"name":"Mühlstr.","postalCode":"66849","locality":"Landstuhl","municipality":{"key":"07335022","name":"Landstuhl, Sickingenstadt, Stadt","type":"Stadt"},"district":{"key":"07335","name":"Kaiserslautern","type":"Landkreis"},"federalState":{"key":"07","name":"Rheinland-Pfalz"}},{"name":"Munscon Circle","postalCode":"66849","locality":"Landstuhl","municipality":{"key":"07335022","name":"Landstuhl, Sickingenstadt, Stadt","type":"Stadt"},"district":{"key":"07335","name":"Kaiserslautern","type":"Landkreis"},"federalState":{"key":"07","name":"Rheinland-Pfalz"}},{"name":"Nardinistr.","postalCode":"66849","locality":"Landstuhl","municipality":{"key":"07335022","name":"Landstuhl, Sickingenstadt, Stadt","type":"Stadt"},"district":{"key":"07335","name":"Kaiserslautern","type":"Landkreis"},"federalState":{"key":"07","name":"Rheinland-Pfalz"}},{"name":"Nelkenstr.","postalCode":"66849","locality":"Landstuhl","municipality":{"key":"07335022","name":"Landstuhl, Sickingenstadt, Stadt","type":"Stadt"},"district":{"key":"07335","name":"Kaiserslautern","type":"Landkreis"},"federalState":{"key":"07","name":"Rheinland-Pfalz"}},{"name":"Neugasse","postalCode":"66849","locality":"Landstuhl","municipality":{"key":"07335022","name":"Landstuhl, Sickingenstadt, Stadt","type":"Stadt"},"district":{"key":"07335","name":"Kaiserslautern","type":"Landkreis"},"federalState":{"key":"07","name":"Rheinland-Pfalz"}},{"name":"Nikolaus-von-Weis-Str.","postalCode":"66849","locality":"Landstuhl","municipality":{"key":"07335022","name":"Landstuhl, Sickingenstadt, Stadt","type":"Stadt"},"district":{"key":"07335","name":"Kaiserslautern","type":"Landkreis"},"federalState":{"key":"07","name":"Rheinland-Pfalz"}},{"name":"Ninth Street","postalCode":"66849","locality":"Landstuhl","municipality":{"key":"07335022","name":"Landstuhl, Sickingenstadt, Stadt","type":"Stadt"},"district":{"key":"07335","name":"Kaiserslautern","type":"Landkreis"},"federalState":{"key":"07","name":"Rheinland-Pfalz"}},{"name":"Oberer Rossrück","postalCode":"67661","locality":"Kaiserslautern","municipality":{"key":"07312000","name":"Kaiserslautern, Stadt","type":"Kreisfreie_Stadt"},"district":{"key":"07312","name":"Kaiserslautern, kreisfreie Stadt","type":"Kreisfreie_Stadt"},"federalState":{"key":"07","name":"Rheinland-Pfalz"}},{"name":"Obere Str.","postalCode":"67659","locality":"Kaiserslautern","municipality":{"key":"07312000","name":"Kaiserslautern, Stadt","type":"Kreisfreie_Stadt"},"district":{"key":"07312","name":"Kaiserslautern, kreisfreie Stadt","type":"Kreisfreie_Stadt"},"federalState":{"key":"07","name":"Rheinland-Pfalz"}},{"name":"Obermaierstr.","postalCode":"67657","locality":"Kaiserslautern","municipality":{"key":"07312000","name":"Kaiserslautern, Stadt","type":"Kreisfreie_Stadt"},"district":{"key":"07312","name":"Kaiserslautern, kreisfreie Stadt","type":"Kreisfreie_Stadt"},"federalState":{"key":"07","name":"Rheinland-Pfalz"}},{"name":"Obstwiese","postalCode":"67659","locality":"Kaiserslautern","municipality":{"key":"07312000","name":"Kaiserslautern, Stadt","type":"Kreisfreie_Stadt"},"district":{"key":"07312","name":"Kaiserslautern, kreisfreie Stadt","type":"Kreisfreie_Stadt"},"federalState":{"key":"07","name":"Rheinland-Pfalz"}},{"name":"Ochsenberg","postalCode":"67659","locality":"Kaiserslautern","municipality":{"key":"07312000","name":"Kaiserslautern, Stadt","type":"Kreisfreie_Stadt"},"district":{"key":"07312","name":"Kaiserslautern, kreisfreie Stadt","type":"Kreisfreie_Stadt"},"federalState":{"key":"07","name":"Rheinland-Pfalz"}},{"name":"Ohlkasterhohl","postalCode":"67657","locality":"Kaiserslautern","municipality":{"key":"07312000","name":"Kaiserslautern, Stadt","type":"Kreisfreie_Stadt"},"district":{"key":"07312","name":"Kaiserslautern, kreisfreie Stadt","type":"Kreisfreie_Stadt"},"federalState":{"key":"07","name":"Rheinland-Pfalz"}},{"name":"Opelkreisel","postalCode":"67663","locality":"Kaiserslautern","municipality":{"key":"07312000","name":"Kaiserslautern, Stadt","type":"Kreisfreie_Stadt"},"district":{"key":"07312","name":"Kaiserslautern, kreisfreie Stadt","type":"Kreisfreie_Stadt"},"federalState":{"key":"07","name":"Rheinland-Pfalz"}},{"name":"Opelstr.","postalCode":"67659","locality":"Kaiserslautern","municipality":{"key":"07312000","name":"Kaiserslautern, Stadt","type":"Kreisfreie_Stadt"},"district":{"key":"07312","name":"Kaiserslautern, kreisfreie Stadt","type":"Kreisfreie_Stadt"},"federalState":{"key":"07","name":"Rheinland-Pfalz"}},{"name":"Opelstr.","postalCode":"67661","locality":"Kaiserslautern","municipality":{"key":"07312000","name":"Kaiserslautern, Stadt","type":"Kreisfreie_Stadt"},"district":{"key":"07312","name":"Kaiserslautern, kreisfreie Stadt","type":"Kreisfreie_Stadt"},"federalState":{"key":"07","name":"Rheinland-Pfalz"}},{"name":"Orchesterstr.","postalCode":"67655","locality":"Kaiserslautern","municipality":{"key":"07312000","name":"Kaiserslautern, Stadt","type":"Kreisfreie_Stadt"},"district":{"key":"07312","name":"Kaiserslautern, kreisfreie Stadt","type":"Kreisfreie_Stadt"},"federalState":{"key":"07","name":"Rheinland-Pfalz"}},{"name":"Orffstr.","postalCode":"67655","locality":"Kaiserslautern","municipality":{"key":"07312000","name":"Kaiserslautern, Stadt","type":"Kreisfreie_Stadt"},"district":{"key":"07312","name":"Kaiserslautern, kreisfreie Stadt","type":"Kreisfreie_Stadt"},"federalState":{"key":"07","name":"Rheinland-Pfalz"}},{"name":"Orthstr.","postalCode":"67655","locality":"Kaiserslautern","municipality":{"key":"07312000","name":"Kaiserslautern, Stadt","type":"Kreisfreie_Stadt"},"district":{"key":"07312","name":"Kaiserslautern, kreisfreie Stadt","type":"Kreisfreie_Stadt"},"federalState":{"key":"07","name":"Rheinland-Pfalz"}},{"name":"Oskar-Schlemmer-Ring","postalCode":"67657","locality":"Kaiserslautern","municipality":{"key":"07312000","name":"Kaiserslautern, Stadt","type":"Kreisfreie_Stadt"},"district":{"key":"07312","name":"Kaiserslautern, kreisfreie Stadt","type":"Kreisfreie_Stadt"},"federalState":{"key":"07","name":"Rheinland-Pfalz"}},{"name":"Osterberg","postalCode":"67659","locality":"Kaiserslautern","municipality":{"key":"07312000","name":"Kaiserslautern, Stadt","type":"Kreisfreie_Stadt"},"district":{"key":"07312","name":"Kaiserslautern, kreisfreie Stadt","type":"Kreisfreie_Stadt"},"federalState":{"key":"07","name":"Rheinland-Pfalz"}},{"name":"Osterstr.","postalCode":"67655","locality":"Kaiserslautern","municipality":{"key":"07312000","name":"Kaiserslautern, Stadt","type":"Kreisfreie_Stadt"},"district":{"key":"07312","name":"Kaiserslautern, kreisfreie Stadt","type":"Kreisfreie_Stadt"},"federalState":{"key":"07","name":"Rheinland-Pfalz"}},{"name":"Otterbacher Str.","postalCode":"67659","locality":"Kaiserslautern","municipality":{"key":"07312000","name":"Kaiserslautern, Stadt","type":"Kreisfreie_Stadt"},"district":{"key":"07312","name":"Kaiserslautern, kreisfreie Stadt","type":"Kreisfreie_Stadt"},"federalState":{"key":"07","name":"Rheinland-Pfalz"}},{"name":"Otterberger Hohl","postalCode":"67657","locality":"Kaiserslautern","municipality":{"key":"07312000","name":"Kaiserslautern, Stadt","type":"Kreisfreie_Stadt"},"district":{"key":"07312","name":"Kaiserslautern, kreisfreie Stadt","type":"Kreisfreie_Stadt"},"federalState":{"key":"07","name":"Rheinland-Pfalz"}},{"name":"Otterberger Str.","postalCode":"67659","locality":"Kaiserslautern","municipality":{"key":"07312000","name":"Kaiserslautern, Stadt","type":"Kreisfreie_Stadt"},"district":{"key":"07312","name":"Kaiserslautern, kreisfreie Stadt","type":"Kreisfreie_Stadt"},"federalState":{"key":"07","name":"Rheinland-Pfalz"}},{"name":"Ottostr.","postalCode":"67657","locality":"Kaiserslautern","municipality":{"key":"07312000","name":"Kaiserslautern, Stadt","type":"Kreisfreie_Stadt"},"district":{"key":"07312","name":"Kaiserslautern, kreisfreie Stadt","type":"Kreisfreie_Stadt"},"federalState":{"key":"07","name":"Rheinland-Pfalz"}},{"name":"Philipp-Fauth-Str.","postalCode":"66849","locality":"Landstuhl","municipality":{"key":"07335022","name":"Landstuhl, Sickingenstadt, Stadt","type":"Stadt"},"district":{"key":"07335","name":"Kaiserslautern","type":"Landkreis"},"federalState":{"key":"07","name":"Rheinland-Pfalz"}},{"name":"Philippstr.","postalCode":"66849","locality":"Landstuhl","municipality":{"key":"07335022","name":"Landstuhl, Sickingenstadt, Stadt","type":"Stadt"},"district":{"key":"07335","name":"Kaiserslautern","type":"Landkreis"},"federalState":{"key":"07","name":"Rheinland-Pfalz"}},{"name":"Pont-à-Mousson-Ring","postalCode":"66849","locality":"Landstuhl","municipality":{"key":"07335022","name":"Landstuhl, Sickingenstadt, Stadt","type":"Stadt"},"district":{"key":"07335","name":"Kaiserslautern","type":"Landkreis"},"federalState":{"key":"07","name":"Rheinland-Pfalz"}},{"name":"Quellenstr.","postalCode":"67655","locality":"Kaiserslautern","municipality":{"key":"07312000","name":"Kaiserslautern, Stadt","type":"Kreisfreie_Stadt"},"district":{"key":"07312","name":"Kaiserslautern, kreisfreie Stadt","type":"Kreisfreie_Stadt"},"federalState":{"key":"07","name":"Rheinland-Pfalz"}},{"name":"Raiffeisenstr.","postalCode":"66849","locality":"Landstuhl","municipality":{"key":"07335022","name":"Landstuhl, Sickingenstadt, Stadt","type":"Stadt"},"district":{"key":"07335","name":"Kaiserslautern","type":"Landkreis"},"federalState":{"key":"07","name":"Rheinland-Pfalz"}},{"name":"Richard-Wagner-Str.","postalCode":"66849","locality":"Landstuhl","municipality":{"key":"07335022","name":"Landstuhl, Sickingenstadt, Stadt","type":"Stadt"},"district":{"key":"07335","name":"Kaiserslautern","type":"Landkreis"},"federalState":{"key":"07","name":"Rheinland-Pfalz"}},{"name":"Ringstr.","postalCode":"66849","locality":"Landstuhl","municipality":{"key":"07335022","name":"Landstuhl, Sickingenstadt, Stadt","type":"Stadt"},"district":{"key":"07335","name":"Kaiserslautern","type":"Landkreis"},"federalState":{"key":"07","name":"Rheinland-Pfalz"}},{"name":"Römerstr.","postalCode":"66849","locality":"Landstuhl","municipality":{"key":"07335022","name":"Landstuhl, Sickingenstadt, Stadt","type":"Stadt"},"district":{"key":"07335","name":"Kaiserslautern","type":"Landkreis"},"federalState":{"key":"07","name":"Rheinland-Pfalz"}},{"name":"Rosenstr.","postalCode":"66849","locality":"Landstuhl","municipality":{"key":"07335022","name":"Landstuhl, Sickingenstadt, Stadt","type":"Stadt"},"district":{"key":"07335","name":"Kaiserslautern","type":"Landkreis"},"federalState":{"key":"07","name":"Rheinland-Pfalz"}},{"name":"Rosenthalstr.","postalCode":"66849","locality":"Landstuhl","municipality":{"key":"07335022","name":"Landstuhl, Sickingenstadt, Stadt","type":"Stadt"},"district":{"key":"07335","name":"Kaiserslautern","type":"Landkreis"},"federalState":{"key":"07","name":"Rheinland-Pfalz"}},{"name":"Saarbrücker Str.","postalCode":"66849","locality":"Landstuhl","municipality":{"key":"07335022","name":"Landstuhl, Sickingenstadt, Stadt","type":"Stadt"},"district":{"key":"07335","name":"Kaiserslautern","type":"Landkreis"},"federalState":{"key":"07","name":"Rheinland-Pfalz"}},{"name":"Schloßstr.","postalCode":"66849","locality":"Landstuhl","municipality":{"key":"07335022","name":"Landstuhl, Sickingenstadt, Stadt","type":"Stadt"},"district":{"key":"07335","name":"Kaiserslautern","type":"Landkreis"},"federalState":{"key":"07","name":"Rheinland-Pfalz"}},{"name":"Schubertstr.","postalCode":"66849","locality":"Landstuhl","municipality":{"key":"07335022","name":"Landstuhl, Sickingenstadt, Stadt","type":"Stadt"},"district":{"key":"07335","name":"Kaiserslautern","type":"Landkreis"},"federalState":{"key":"07","name":"Rheinland-Pfalz"}},{"name":"Schulstr.","postalCode":"66849","locality":"Landstuhl","municipality":{"key":"07335022","name":"Landstuhl, Sickingenstadt, Stadt","type":"Stadt"},"district":{"key":"07335","name":"Kaiserslautern","type":"Landkreis"},"federalState":{"key":"07","name":"Rheinland-Pfalz"}},{"name":"Schützenstr.","postalCode":"66849","locality":"Landstuhl","municipality":{"key":"07335022","name":"Landstuhl, Sickingenstadt, Stadt","type":"Stadt"},"district":{"key":"07335","name":"Kaiserslautern","type":"Landkreis"},"federalState":{"key":"07","name":"Rheinland-Pfalz"}},{"name":"Schwalbenweg","postalCode":"66849","locality":"Landstuhl","municipality":{"key":"07335022","name":"Landstuhl, Sickingenstadt, Stadt","type":"Stadt"},"district":{"key":"07335","name":"Kaiserslautern","type":"Landkreis"},"federalState":{"key":"07","name":"Rheinland-Pfalz"}},{"name":"Sonnenstr.","postalCode":"66849","locality":"Landstuhl","municipality":{"key":"07335022","name":"Landstuhl, Sickingenstadt, Stadt","type":"Stadt"},"district":{"key":"07335","name":"Kaiserslautern","type":"Landkreis"},"federalState":{"key":"07","name":"Rheinland-Pfalz"}},{"name":"Starenweg","postalCode":"66849","locality":"Landstuhl","municipality":{"key":"07335022","name":"Landstuhl, Sickingenstadt, Stadt","type":"Stadt"},"district":{"key":"07335","name":"Kaiserslautern","type":"Landkreis"},"federalState":{"key":"07","name":"Rheinland-Pfalz"}},{"name":"Steigstr.","postalCode":"66849","locality":"Landstuhl","municipality":{"key":"07335022","name":"Landstuhl, Sickingenstadt, Stadt","type":"Stadt"},"district":{"key":"07335","name":"Kaiserslautern","type":"Landkreis"},"federalState":{"key":"07","name":"Rheinland-Pfalz"}},{"name":"Stettiner Str.","postalCode":"66849","locality":"Landstuhl","municipality":{"key":"07335022","name":"Landstuhl, Sickingenstadt, Stadt","type":"Stadt"},"district":{"key":"07335","name":"Kaiserslautern","type":"Landkreis"},"federalState":{"key":"07","name":"Rheinland-Pfalz"}},{"name":"St.-Katharina-Str.","postalCode":"66849","locality":"Landstuhl","municipality":{"key":"07335022","name":"Landstuhl, Sickingenstadt, Stadt","type":"Stadt"},"district":{"key":"07335","name":"Kaiserslautern","type":"Landkreis"},"federalState":{"key":"07","name":"Rheinland-Pfalz"}},{"name":"Tannensteige","postalCode":"66849","locality":"Landstuhl","municipality":{"key":"07335022","name":"Landstuhl, Sickingenstadt, Stadt","type":"Stadt"},"district":{"key":"07335","name":"Kaiserslautern","type":"Landkreis"},"federalState":{"key":"07","name":"Rheinland-Pfalz"}},{"name":"Theobaldgässchen","postalCode":"66849","locality":"Landstuhl","municipality":{"key":"07335022","name":"Landstuhl, Sickingenstadt, Stadt","type":"Stadt"},"district":{"key":"07335","name":"Kaiserslautern","type":"Landkreis"},"federalState":{"key":"07","name":"Rheinland-Pfalz"}},{"name":"Third Street","postalCode":"66849","locality":"Landstuhl","municipality":{"key":"07335022","name":"Landstuhl, Sickingenstadt, Stadt","type":"Stadt"},"district":{"key":"07335","name":"Kaiserslautern","type":"Landkreis"},"federalState":{"key":"07","name":"Rheinland-Pfalz"}},{"name":"Thirteenth Street","postalCode":"66849","locality":"Landstuhl","municipality":{"key":"07335022","name":"Landstuhl, Sickingenstadt, Stadt","type":"Stadt"},"district":{"key":"07335","name":"Kaiserslautern","type":"Landkreis"},"federalState":{"key":"07","name":"Rheinland-Pfalz"}},{"name":"Tulpenstr.","postalCode":"66849","locality":"Landstuhl","municipality":{"key":"07335022","name":"Landstuhl, Sickingenstadt, Stadt","type":"Stadt"},"district":{"key":"07335","name":"Kaiserslautern","type":"Landkreis"},"federalState":{"key":"07","name":"Rheinland-Pfalz"}},{"name":"Twelfth Street","postalCode":"66849","locality":"Landstuhl","municipality":{"key":"07335022","name":"Landstuhl, Sickingenstadt, Stadt","type":"Stadt"},"district":{"key":"07335","name":"Kaiserslautern","type":"Landkreis"},"federalState":{"key":"07","name":"Rheinland-Pfalz"}},{"name":"Ulrich-von-Hutten-Str.","postalCode":"66849","locality":"Landstuhl","municipality":{"key":"07335022","name":"Landstuhl, Sickingenstadt, Stadt","type":"Stadt"},"district":{"key":"07335","name":"Kaiserslautern","type":"Landkreis"},"federalState":{"key":"07","name":"Rheinland-Pfalz"}},{"name":"Untere Eisenbahnstr.","postalCode":"66849","locality":"Landstuhl","municipality":{"key":"07335022","name":"Landstuhl, Sickingenstadt, Stadt","type":"Stadt"},"district":{"key":"07335","name":"Kaiserslautern","type":"Landkreis"},"federalState":{"key":"07","name":"Rheinland-Pfalz"}},{"name":"Von-Richthofen-Str.","postalCode":"66849","locality":"Landstuhl","municipality":{"key":"07335022","name":"Landstuhl, Sickingenstadt, Stadt","type":"Stadt"},"district":{"key":"07335","name":"Kaiserslautern","type":"Landkreis"},"federalState":{"key":"07","name":"Rheinland-Pfalz"}},{"name":"Vordere Brunnenstr.","postalCode":"66849","locality":"Landstuhl","municipality":{"key":"07335022","name":"Landstuhl, Sickingenstadt, Stadt","type":"Stadt"},"district":{"key":"07335","name":"Kaiserslautern","type":"Landkreis"},"federalState":{"key":"07","name":"Rheinland-Pfalz"}},{"name":"Vordere Fröhnstr.","postalCode":"66849","locality":"Landstuhl","municipality":{"key":"07335022","name":"Landstuhl, Sickingenstadt, Stadt","type":"Stadt"},"district":{"key":"07335","name":"Kaiserslautern","type":"Landkreis"},"federalState":{"key":"07","name":"Rheinland-Pfalz"}},{"name":"Vordere Imserstr.","postalCode":"66849","locality":"Landstuhl","municipality":{"key":"07335022","name":"Landstuhl, Sickingenstadt, Stadt","type":"Stadt"},"district":{"key":"07335","name":"Kaiserslautern","type":"Landkreis"},"federalState":{"key":"07","name":"Rheinland-Pfalz"}},{"name":"Waldstr.","postalCode":"66849","locality":"Landstuhl","municipality":{"key":"07335022","name":"Landstuhl, Sickingenstadt, Stadt","type":"Stadt"},"district":{"key":"07335","name":"Kaiserslautern","type":"Landkreis"},"federalState":{"key":"07","name":"Rheinland-Pfalz"}},{"name":"Walter Reed Drive","postalCode":"66849","locality":"Landstuhl","municipality":{"key":"07335022","name":"Landstuhl, Sickingenstadt, Stadt","type":"Stadt"},"district":{"key":"07335","name":"Kaiserslautern","type":"Landkreis"},"federalState":{"key":"07","name":"Rheinland-Pfalz"}},{"name":"Weiherstr.","postalCode":"66849","locality":"Landstuhl","municipality":{"key":"07335022","name":"Landstuhl, Sickingenstadt, Stadt","type":"Stadt"},"district":{"key":"07335","name":"Kaiserslautern","type":"Landkreis"},"federalState":{"key":"07","name":"Rheinland-Pfalz"}},{"name":"Wiesenstr.","postalCode":"66849","locality":"Landstuhl","municipality":{"key":"07335022","name":"Landstuhl, Sickingenstadt, Stadt","type":"Stadt"},"district":{"key":"07335","name":"Kaiserslautern","type":"Landkreis"},"federalState":{"key":"07","name":"Rheinland-Pfalz"}},{"name":"Zeisigweg","postalCode":"66849","locality":"Landstuhl","municipality":{"key":"07335022","name":"Landstuhl, Sickingenstadt, Stadt","type":"Stadt"},"district":{"key":"07335","name":"Kaiserslautern","type":"Landkreis"},"federalState":{"key":"07","name":"Rheinland-Pfalz"}},{"name":"Zur Fröhn","postalCode":"66849","locality":"Landstuhl","municipality":{"key":"07335022","name":"Landstuhl, Sickingenstadt, Stadt","type":"Stadt"},"district":{"key":"07335","name":"Kaiserslautern","type":"Landkreis"},"federalState":{"key":"07","name":"Rheinland-Pfalz"}},{"name":"Zur Melkerei","postalCode":"66849","locality":"Landstuhl","municipality":{"key":"07335022","name":"Landstuhl, Sickingenstadt, Stadt","type":"Stadt"},"district":{"key":"07335","name":"Kaiserslautern","type":"Landkreis"},"federalState":{"key":"07","name":"Rheinland-Pfalz"}},{"name":"Ätzweide","postalCode":"67659","locality":"Kaiserslautern","municipality":{"key":"07312000","name":"Kaiserslautern, Stadt","type":"Kreisfreie_Stadt"},"district":{"key":"07312","name":"Kaiserslautern, kreisfreie Stadt","type":"Kreisfreie_Stadt"},"federalState":{"key":"07","name":"Rheinland-Pfalz"}},]