[{"name":"Adlerstr.","postalCode":"91732","locality":"Merkendorf","municipality":{"key":"09571177","name":"Merkendorf, St","type":"Stadt"},"district":{"key":"09571","name":"Ansbach","type":"Landkreis"},"federalState":{"key":"09","name":"Bayern"}},{"name":"Adolf-Kirsch-Str.","postalCode":"91732","locality":"Merkendorf","municipality":{"key":"09571177","name":"Merkendorf, St","type":"Stadt"},"district":{"key":"09571","name":"Ansbach","type":"Landkreis"},"federalState":{"key":"09","name":"Bayern"}},{"name":"Ahornstr.","postalCode":"91732","locality":"Merkendorf","municipality":{"key":"09571177","name":"Merkendorf, St","type":"Stadt"},"district":{"key":"09571","name":"Ansbach","type":"Landkreis"},"federalState":{"key":"09","name":"Bayern"}},{"name":"Am Grenzbuck","postalCode":"91732","locality":"Merkendorf","municipality":{"key":"09571177","name":"Merkendorf, St","type":"Stadt"},"district":{"key":"09571","name":"Ansbach","type":"Landkreis"},"federalState":{"key":"09","name":"Bayern"}},{"name":"Am Mosthaus","postalCode":"91732","locality":"Merkendorf","municipality":{"key":"09571177","name":"Merkendorf, St","type":"Stadt"},"district":{"key":"09571","name":"Ansbach","type":"Landkreis"},"federalState":{"key":"09","name":"Bayern"}},{"name":"Am Sportplatz","postalCode":"91732","locality":"Merkendorf","municipality":{"key":"09571177","name":"Merkendorf, St","type":"Stadt"},"district":{"key":"09571","name":"Ansbach","type":"Landkreis"},"federalState":{"key":"09","name":"Bayern"}},{"name":"Am Wiesengrund","postalCode":"91732","locality":"Merkendorf","municipality":{"key":"09571177","name":"Merkendorf, St","type":"Stadt"},"district":{"key":"09571","name":"Ansbach","type":"Landkreis"},"federalState":{"key":"09","name":"Bayern"}},{"name":"Bammersdorfer Str.","postalCode":"91732","locality":"Merkendorf","municipality":{"key":"09571177","name":"Merkendorf, St","type":"Stadt"},"district":{"key":"09571","name":"Ansbach","type":"Landkreis"},"federalState":{"key":"09","name":"Bayern"}},{"name":"Biederbacher Str.","postalCode":"91732","locality":"Merkendorf","municipality":{"key":"09571177","name":"Merkendorf, St","type":"Stadt"},"district":{"key":"09571","name":"Ansbach","type":"Landkreis"},"federalState":{"key":"09","name":"Bayern"}},{"name":"Birkenweg","postalCode":"91732","locality":"Merkendorf","municipality":{"key":"09571177","name":"Merkendorf, St","type":"Stadt"},"district":{"key":"09571","name":"Ansbach","type":"Landkreis"},"federalState":{"key":"09","name":"Bayern"}},{"name":"Burgwiese","postalCode":"91732","locality":"Merkendorf","municipality":{"key":"09571177","name":"Merkendorf, St","type":"Stadt"},"district":{"key":"09571","name":"Ansbach","type":"Landkreis"},"federalState":{"key":"09","name":"Bayern"}},{"name":"Charlottenhöhe","postalCode":"91522","locality":"Ansbach","municipality":{"key":"09561000","name":"Ansbach","type":"Kreisfreie_Stadt"},"district":{"key":"09561","name":"Ansbach","type":"Kreisfreie_Stadt"},"federalState":{"key":"09","name":"Bayern"}},{"name":"Charlottenstr.","postalCode":"91522","locality":"Ansbach","municipality":{"key":"09561000","name":"Ansbach","type":"Kreisfreie_Stadt"},"district":{"key":"09561","name":"Ansbach","type":"Kreisfreie_Stadt"},"federalState":{"key":"09","name":"Bayern"}},{"name":"Christian-Sturm-Str.","postalCode":"91522","locality":"Ansbach","municipality":{"key":"09561000","name":"Ansbach","type":"Kreisfreie_Stadt"},"district":{"key":"09561","name":"Ansbach","type":"Kreisfreie_Stadt"},"federalState":{"key":"09","name":"Bayern"}},{"name":"Claffheim","postalCode":"91522","locality":"Ansbach","municipality":{"key":"09561000","name":"Ansbach","type":"Kreisfreie_Stadt"},"district":{"key":"09561","name":"Ansbach","type":"Kreisfreie_Stadt"},"federalState":{"key":"09","name":"Bayern"}},{"name":"Crailsheimstr.","postalCode":"91522","locality":"Ansbach","municipality":{"key":"09561000","name":"Ansbach","type":"Kreisfreie_Stadt"},"district":{"key":"09561","name":"Ansbach","type":"Kreisfreie_Stadt"},"federalState":{"key":"09","name":"Bayern"}},{"name":"Cronegkstr.","postalCode":"91522","locality":"Ansbach","municipality":{"key":"09561000","name":"Ansbach","type":"Kreisfreie_Stadt"},"district":{"key":"09561","name":"Ansbach","type":"Kreisfreie_Stadt"},"federalState":{"key":"09","name":"Bayern"}},{"name":"Danziger Str.","postalCode":"56235","locality":"Ransbach-Baumbach","municipality":{"key":"07143062","name":"Ransbach-Baumbach, Stadt","type":"Stadt"},"district":{"key":"07143","name":"Westerwaldkreis","type":"Landkreis"},"federalState":{"key":"07","name":"Rheinland-Pfalz"}},{"name":"Danziger Str.","postalCode":"91522","locality":"Ansbach","municipality":{"key":"09561000","name":"Ansbach","type":"Kreisfreie_Stadt"},"district":{"key":"09561","name":"Ansbach","type":"Kreisfreie_Stadt"},"federalState":{"key":"09","name":"Bayern"}},{"name":"Dautenwinden","postalCode":"91522","locality":"Ansbach","municipality":{"key":"09561000","name":"Ansbach","type":"Kreisfreie_Stadt"},"district":{"key":"09561","name":"Ansbach","type":"Kreisfreie_Stadt"},"federalState":{"key":"09","name":"Bayern"}},{"name":"Dautenwindener Schneise","postalCode":"91522","locality":"Ansbach","municipality":{"key":"09561000","name":"Ansbach","type":"Kreisfreie_Stadt"},"district":{"key":"09561","name":"Ansbach","type":"Kreisfreie_Stadt"},"federalState":{"key":"09","name":"Bayern"}},{"name":"Dautenwindener Str.","postalCode":"91522","locality":"Ansbach","municipality":{"key":"09561000","name":"Ansbach","type":"Kreisfreie_Stadt"},"district":{"key":"09561","name":"Ansbach","type":"Kreisfreie_Stadt"},"federalState":{"key":"09","name":"Bayern"}},{"name":"Dedinsburger Str.","postalCode":"56235","locality":"Ransbach-Baumbach","municipality":{"key":"07143062","name":"Ransbach-Baumbach, Stadt","type":"Stadt"},"district":{"key":"07143","name":"Westerwaldkreis","type":"Landkreis"},"federalState":{"key":"07","name":"Rheinland-Pfalz"}},{"name":"Desperweg","postalCode":"56235","locality":"Ransbach-Baumbach","municipality":{"key":"07143062","name":"Ransbach-Baumbach, Stadt","type":"Stadt"},"district":{"key":"07143","name":"Westerwaldkreis","type":"Landkreis"},"federalState":{"key":"07","name":"Rheinland-Pfalz"}},{"name":"d'Esterstr.","postalCode":"56235","locality":"Ransbach-Baumbach","municipality":{"key":"07143062","name":"Ransbach-Baumbach, Stadt","type":"Stadt"},"district":{"key":"07143","name":"Westerwaldkreis","type":"Landkreis"},"federalState":{"key":"07","name":"Rheinland-Pfalz"}},{"name":"Dillstr.","postalCode":"56235","locality":"Ransbach-Baumbach","municipality":{"key":"07143062","name":"Ransbach-Baumbach, Stadt","type":"Stadt"},"district":{"key":"07143","name":"Westerwaldkreis","type":"Landkreis"},"federalState":{"key":"07","name":"Rheinland-Pfalz"}},{"name":"Distlerweg","postalCode":"91522","locality":"Ansbach","municipality":{"key":"09561000","name":"Ansbach","type":"Kreisfreie_Stadt"},"district":{"key":"09561","name":"Ansbach","type":"Kreisfreie_Stadt"},"federalState":{"key":"09","name":"Bayern"}},{"name":"Dollmannstr.","postalCode":"91522","locality":"Ansbach","municipality":{"key":"09561000","name":"Ansbach","type":"Kreisfreie_Stadt"},"district":{"key":"09561","name":"Ansbach","type":"Kreisfreie_Stadt"},"federalState":{"key":"09","name":"Bayern"}},{"name":"Dombach im Loch","postalCode":"91522","locality":"Ansbach","municipality":{"key":"09561000","name":"Ansbach","type":"Kreisfreie_Stadt"},"district":{"key":"09561","name":"Ansbach","type":"Kreisfreie_Stadt"},"federalState":{"key":"09","name":"Bayern"}},{"name":"Dombachstr.","postalCode":"91522","locality":"Ansbach","municipality":{"key":"09561000","name":"Ansbach","type":"Kreisfreie_Stadt"},"district":{"key":"09561","name":"Ansbach","type":"Kreisfreie_Stadt"},"federalState":{"key":"09","name":"Bayern"}},{"name":"Dombachtalweg","postalCode":"91522","locality":"Ansbach","municipality":{"key":"09561000","name":"Ansbach","type":"Kreisfreie_Stadt"},"district":{"key":"09561","name":"Ansbach","type":"Kreisfreie_Stadt"},"federalState":{"key":"09","name":"Bayern"}},{"name":"Dora-Hitz-Str.","postalCode":"91522","locality":"Ansbach","municipality":{"key":"09561000","name":"Ansbach","type":"Kreisfreie_Stadt"},"district":{"key":"09561","name":"Ansbach","type":"Kreisfreie_Stadt"},"federalState":{"key":"09","name":"Bayern"}},{"name":"Dorffeldstr.","postalCode":"91522","locality":"Ansbach","municipality":{"key":"09561000","name":"Ansbach","type":"Kreisfreie_Stadt"},"district":{"key":"09561","name":"Ansbach","type":"Kreisfreie_Stadt"},"federalState":{"key":"09","name":"Bayern"}},{"name":"Dorfstr.","postalCode":"91522","locality":"Ansbach","municipality":{"key":"09561000","name":"Ansbach","type":"Kreisfreie_Stadt"},"district":{"key":"09561","name":"Ansbach","type":"Kreisfreie_Stadt"},"federalState":{"key":"09","name":"Bayern"}},{"name":"Dornberger Weg","postalCode":"91522","locality":"Ansbach","municipality":{"key":"09561000","name":"Ansbach","type":"Kreisfreie_Stadt"},"district":{"key":"09561","name":"Ansbach","type":"Kreisfreie_Stadt"},"federalState":{"key":"09","name":"Bayern"}},{"name":"Draisstr.","postalCode":"91522","locality":"Ansbach","municipality":{"key":"09561000","name":"Ansbach","type":"Kreisfreie_Stadt"},"district":{"key":"09561","name":"Ansbach","type":"Kreisfreie_Stadt"},"federalState":{"key":"09","name":"Bayern"}},{"name":"Dresdener Str.","postalCode":"56235","locality":"Ransbach-Baumbach","municipality":{"key":"07143062","name":"Ransbach-Baumbach, Stadt","type":"Stadt"},"district":{"key":"07143","name":"Westerwaldkreis","type":"Landkreis"},"federalState":{"key":"07","name":"Rheinland-Pfalz"}},{"name":"Drosselstr.","postalCode":"91522","locality":"Ansbach","municipality":{"key":"09561000","name":"Ansbach","type":"Kreisfreie_Stadt"},"district":{"key":"09561","name":"Ansbach","type":"Kreisfreie_Stadt"},"federalState":{"key":"09","name":"Bayern"}},{"name":"Drosselweg","postalCode":"56235","locality":"Ransbach-Baumbach","municipality":{"key":"07143062","name":"Ransbach-Baumbach, Stadt","type":"Stadt"},"district":{"key":"07143","name":"Westerwaldkreis","type":"Landkreis"},"federalState":{"key":"07","name":"Rheinland-Pfalz"}},{"name":"Dr.-Zumach-Ring","postalCode":"91522","locality":"Ansbach","municipality":{"key":"09561000","name":"Ansbach","type":"Kreisfreie_Stadt"},"district":{"key":"09561","name":"Ansbach","type":"Kreisfreie_Stadt"},"federalState":{"key":"09","name":"Bayern"}},{"name":"Dürerstr.","postalCode":"91623","locality":"Sachsen bei Ansbach","municipality":{"key":"09571196","name":"Sachsen b.Ansbach","type":"Kreisangehörige_Gemeinde"},"district":{"key":"09571","name":"Ansbach","type":"Landkreis"},"federalState":{"key":"09","name":"Bayern"}},{"name":"Dürrnerstr.","postalCode":"91522","locality":"Ansbach","municipality":{"key":"09561000","name":"Ansbach","type":"Kreisfreie_Stadt"},"district":{"key":"09561","name":"Ansbach","type":"Kreisfreie_Stadt"},"federalState":{"key":"09","name":"Bayern"}},{"name":"Eichendorffstr.","postalCode":"91732","locality":"Merkendorf","municipality":{"key":"09571177","name":"Merkendorf, St","type":"Stadt"},"district":{"key":"09571","name":"Ansbach","type":"Landkreis"},"federalState":{"key":"09","name":"Bayern"}},{"name":"Eichenstr.","postalCode":"91732","locality":"Merkendorf","municipality":{"key":"09571177","name":"Merkendorf, St","type":"Stadt"},"district":{"key":"09571","name":"Ansbach","type":"Landkreis"},"federalState":{"key":"09","name":"Bayern"}},{"name":"elomed Park","postalCode":"91732","locality":"Merkendorf","municipality":{"key":"09571177","name":"Merkendorf, St","type":"Stadt"},"district":{"key":"09571","name":"Ansbach","type":"Landkreis"},"federalState":{"key":"09","name":"Bayern"}},{"name":"Energiepark","postalCode":"91732","locality":"Merkendorf","municipality":{"key":"09571177","name":"Merkendorf, St","type":"Stadt"},"district":{"key":"09571","name":"Ansbach","type":"Landkreis"},"federalState":{"key":"09","name":"Bayern"}},{"name":"Erlenweg","postalCode":"91732","locality":"Merkendorf","municipality":{"key":"09571177","name":"Merkendorf, St","type":"Stadt"},"district":{"key":"09571","name":"Ansbach","type":"Landkreis"},"federalState":{"key":"09","name":"Bayern"}},{"name":"Espanstr.","postalCode":"91732","locality":"Merkendorf","municipality":{"key":"09571177","name":"Merkendorf, St","type":"Stadt"},"district":{"key":"09571","name":"Ansbach","type":"Landkreis"},"federalState":{"key":"09","name":"Bayern"}},{"name":"Feldstr.","postalCode":"91732","locality":"Merkendorf","municipality":{"key":"09571177","name":"Merkendorf, St","type":"Stadt"},"district":{"key":"09571","name":"Ansbach","type":"Landkreis"},"federalState":{"key":"09","name":"Bayern"}},{"name":"Feuerbachstr.","postalCode":"91732","locality":"Merkendorf","municipality":{"key":"09571177","name":"Merkendorf, St","type":"Stadt"},"district":{"key":"09571","name":"Ansbach","type":"Landkreis"},"federalState":{"key":"09","name":"Bayern"}},{"name":"Fichtenweg","postalCode":"91732","locality":"Merkendorf","municipality":{"key":"09571177","name":"Merkendorf, St","type":"Stadt"},"district":{"key":"09571","name":"Ansbach","type":"Landkreis"},"federalState":{"key":"09","name":"Bayern"}},{"name":"Föhrenweg","postalCode":"91732","locality":"Merkendorf","municipality":{"key":"09571177","name":"Merkendorf, St","type":"Stadt"},"district":{"key":"09571","name":"Ansbach","type":"Landkreis"},"federalState":{"key":"09","name":"Bayern"}},{"name":"Goethering","postalCode":"91732","locality":"Merkendorf","municipality":{"key":"09571177","name":"Merkendorf, St","type":"Stadt"},"district":{"key":"09571","name":"Ansbach","type":"Landkreis"},"federalState":{"key":"09","name":"Bayern"}},{"name":"Gunzenhausener Str.","postalCode":"91732","locality":"Merkendorf","municipality":{"key":"09571177","name":"Merkendorf, St","type":"Stadt"},"district":{"key":"09571","name":"Ansbach","type":"Landkreis"},"federalState":{"key":"09","name":"Bayern"}},{"name":"Hauptstr.","postalCode":"91732","locality":"Merkendorf","municipality":{"key":"09571177","name":"Merkendorf, St","type":"Stadt"},"district":{"key":"09571","name":"Ansbach","type":"Landkreis"},"federalState":{"key":"09","name":"Bayern"}},{"name":"Hirschlach","postalCode":"91732","locality":"Merkendorf","municipality":{"key":"09571177","name":"Merkendorf, St","type":"Stadt"},"district":{"key":"09571","name":"Ansbach","type":"Landkreis"},"federalState":{"key":"09","name":"Bayern"}},{"name":"Hirschlacher Str.","postalCode":"91732","locality":"Merkendorf","municipality":{"key":"09571177","name":"Merkendorf, St","type":"Stadt"},"district":{"key":"09571","name":"Ansbach","type":"Landkreis"},"federalState":{"key":"09","name":"Bayern"}},{"name":"Im Eichholz","postalCode":"56235","locality":"Ransbach-Baumbach","municipality":{"key":"07143062","name":"Ransbach-Baumbach, Stadt","type":"Stadt"},"district":{"key":"07143","name":"Westerwaldkreis","type":"Landkreis"},"federalState":{"key":"07","name":"Rheinland-Pfalz"}},{"name":"Im Erlengarten","postalCode":"56235","locality":"Ransbach-Baumbach","municipality":{"key":"07143062","name":"Ransbach-Baumbach, Stadt","type":"Stadt"},"district":{"key":"07143","name":"Westerwaldkreis","type":"Landkreis"},"federalState":{"key":"07","name":"Rheinland-Pfalz"}},{"name":"Im Gebück","postalCode":"56235","locality":"Ransbach-Baumbach","municipality":{"key":"07143062","name":"Ransbach-Baumbach, Stadt","type":"Stadt"},"district":{"key":"07143","name":"Westerwaldkreis","type":"Landkreis"},"federalState":{"key":"07","name":"Rheinland-Pfalz"}},{"name":"Im Glockenschall","postalCode":"56235","locality":"Ransbach-Baumbach","municipality":{"key":"07143062","name":"Ransbach-Baumbach, Stadt","type":"Stadt"},"district":{"key":"07143","name":"Westerwaldkreis","type":"Landkreis"},"federalState":{"key":"07","name":"Rheinland-Pfalz"}},{"name":"Im Grauert","postalCode":"56235","locality":"Ransbach-Baumbach","municipality":{"key":"07143062","name":"Ransbach-Baumbach, Stadt","type":"Stadt"},"district":{"key":"07143","name":"Westerwaldkreis","type":"Landkreis"},"federalState":{"key":"07","name":"Rheinland-Pfalz"}},{"name":"Im Neurod","postalCode":"56235","locality":"Ransbach-Baumbach","municipality":{"key":"07143062","name":"Ransbach-Baumbach, Stadt","type":"Stadt"},"district":{"key":"07143","name":"Westerwaldkreis","type":"Landkreis"},"federalState":{"key":"07","name":"Rheinland-Pfalz"}},{"name":"Im Oberstaudchen","postalCode":"56235","locality":"Ransbach-Baumbach","municipality":{"key":"07143062","name":"Ransbach-Baumbach, Stadt","type":"Stadt"},"district":{"key":"07143","name":"Westerwaldkreis","type":"Landkreis"},"federalState":{"key":"07","name":"Rheinland-Pfalz"}},{"name":"Im schwarzen Graben","postalCode":"56235","locality":"Ransbach-Baumbach","municipality":{"key":"07143062","name":"Ransbach-Baumbach, Stadt","type":"Stadt"},"district":{"key":"07143","name":"Westerwaldkreis","type":"Landkreis"},"federalState":{"key":"07","name":"Rheinland-Pfalz"}},{"name":"Im Staudchen","postalCode":"56235","locality":"Ransbach-Baumbach","municipality":{"key":"07143062","name":"Ransbach-Baumbach, Stadt","type":"Stadt"},"district":{"key":"07143","name":"Westerwaldkreis","type":"Landkreis"},"federalState":{"key":"07","name":"Rheinland-Pfalz"}},{"name":"Im Tal","postalCode":"91623","locality":"Sachsen bei Ansbach","municipality":{"key":"09571196","name":"Sachsen b.Ansbach","type":"Kreisangehörige_Gemeinde"},"district":{"key":"09571","name":"Ansbach","type":"Landkreis"},"federalState":{"key":"09","name":"Bayern"}},{"name":"Im Tannenhain","postalCode":"56235","locality":"Ransbach-Baumbach","municipality":{"key":"07143062","name":"Ransbach-Baumbach, Stadt","type":"Stadt"},"district":{"key":"07143","name":"Westerwaldkreis","type":"Landkreis"},"federalState":{"key":"07","name":"Rheinland-Pfalz"}},{"name":"Im Vogelsang","postalCode":"56235","locality":"Ransbach-Baumbach","municipality":{"key":"07143062","name":"Ransbach-Baumbach, Stadt","type":"Stadt"},"district":{"key":"07143","name":"Westerwaldkreis","type":"Landkreis"},"federalState":{"key":"07","name":"Rheinland-Pfalz"}},{"name":"Im Winkel","postalCode":"56235","locality":"Ransbach-Baumbach","municipality":{"key":"07143062","name":"Ransbach-Baumbach, Stadt","type":"Stadt"},"district":{"key":"07143","name":"Westerwaldkreis","type":"Landkreis"},"federalState":{"key":"07","name":"Rheinland-Pfalz"}},{"name":"In der Bornwiese","postalCode":"56235","locality":"Ransbach-Baumbach","municipality":{"key":"07143062","name":"Ransbach-Baumbach, Stadt","type":"Stadt"},"district":{"key":"07143","name":"Westerwaldkreis","type":"Landkreis"},"federalState":{"key":"07","name":"Rheinland-Pfalz"}},{"name":"In der Speidt","postalCode":"56235","locality":"Ransbach-Baumbach","municipality":{"key":"07143062","name":"Ransbach-Baumbach, Stadt","type":"Stadt"},"district":{"key":"07143","name":"Westerwaldkreis","type":"Landkreis"},"federalState":{"key":"07","name":"Rheinland-Pfalz"}},{"name":"In der Struth","postalCode":"56235","locality":"Ransbach-Baumbach","municipality":{"key":"07143062","name":"Ransbach-Baumbach, Stadt","type":"Stadt"},"district":{"key":"07143","name":"Westerwaldkreis","type":"Landkreis"},"federalState":{"key":"07","name":"Rheinland-Pfalz"}},{"name":"Industriestr.","postalCode":"91522","locality":"Ansbach","municipality":{"key":"09561000","name":"Ansbach","type":"Kreisfreie_Stadt"},"district":{"key":"09561","name":"Ansbach","type":"Kreisfreie_Stadt"},"federalState":{"key":"09","name":"Bayern"}},{"name":"Jägerndorfer Str.","postalCode":"91522","locality":"Ansbach","municipality":{"key":"09561000","name":"Ansbach","type":"Kreisfreie_Stadt"},"district":{"key":"09561","name":"Ansbach","type":"Kreisfreie_Stadt"},"federalState":{"key":"09","name":"Bayern"}},{"name":"Jägerpfad","postalCode":"56235","locality":"Ransbach-Baumbach","municipality":{"key":"07143062","name":"Ransbach-Baumbach, Stadt","type":"Stadt"},"district":{"key":"07143","name":"Westerwaldkreis","type":"Landkreis"},"federalState":{"key":"07","name":"Rheinland-Pfalz"}},{"name":"Jahnstr.","postalCode":"56235","locality":"Ransbach-Baumbach","municipality":{"key":"07143062","name":"Ransbach-Baumbach, Stadt","type":"Stadt"},"district":{"key":"07143","name":"Westerwaldkreis","type":"Landkreis"},"federalState":{"key":"07","name":"Rheinland-Pfalz"}},{"name":"Jahnstr.","postalCode":"91522","locality":"Ansbach","municipality":{"key":"09561000","name":"Ansbach","type":"Kreisfreie_Stadt"},"district":{"key":"09561","name":"Ansbach","type":"Kreisfreie_Stadt"},"federalState":{"key":"09","name":"Bayern"}},{"name":"Johannisweg","postalCode":"91522","locality":"Ansbach","municipality":{"key":"09561000","name":"Ansbach","type":"Kreisfreie_Stadt"},"district":{"key":"09561","name":"Ansbach","type":"Kreisfreie_Stadt"},"federalState":{"key":"09","name":"Bayern"}},{"name":"Johann-Matthie-Str.","postalCode":"56235","locality":"Ransbach-Baumbach","municipality":{"key":"07143062","name":"Ransbach-Baumbach, Stadt","type":"Stadt"},"district":{"key":"07143","name":"Westerwaldkreis","type":"Landkreis"},"federalState":{"key":"07","name":"Rheinland-Pfalz"}},{"name":"Johann-Sebastian-Bach-Platz","postalCode":"91522","locality":"Ansbach","municipality":{"key":"09561000","name":"Ansbach","type":"Kreisfreie_Stadt"},"district":{"key":"09561","name":"Ansbach","type":"Kreisfreie_Stadt"},"federalState":{"key":"09","name":"Bayern"}},{"name":"Jüdtstr.","postalCode":"91522","locality":"Ansbach","municipality":{"key":"09561000","name":"Ansbach","type":"Kreisfreie_Stadt"},"district":{"key":"09561","name":"Ansbach","type":"Kreisfreie_Stadt"},"federalState":{"key":"09","name":"Bayern"}},{"name":"Julius-Meyer-Str.","postalCode":"91522","locality":"Ansbach","municipality":{"key":"09561000","name":"Ansbach","type":"Kreisfreie_Stadt"},"district":{"key":"09561","name":"Ansbach","type":"Kreisfreie_Stadt"},"federalState":{"key":"09","name":"Bayern"}},{"name":"Junckerweg","postalCode":"91522","locality":"Ansbach","municipality":{"key":"09561000","name":"Ansbach","type":"Kreisfreie_Stadt"},"district":{"key":"09561","name":"Ansbach","type":"Kreisfreie_Stadt"},"federalState":{"key":"09","name":"Bayern"}},{"name":"Junkernstr.","postalCode":"56235","locality":"Ransbach-Baumbach","municipality":{"key":"07143062","name":"Ransbach-Baumbach, Stadt","type":"Stadt"},"district":{"key":"07143","name":"Westerwaldkreis","type":"Landkreis"},"federalState":{"key":"07","name":"Rheinland-Pfalz"}},{"name":"Kanalstr.","postalCode":"91522","locality":"Ansbach","municipality":{"key":"09561000","name":"Ansbach","type":"Kreisfreie_Stadt"},"district":{"key":"09561","name":"Ansbach","type":"Kreisfreie_Stadt"},"federalState":{"key":"09","name":"Bayern"}},{"name":"Kannenbäckerstr.","postalCode":"56235","locality":"Ransbach-Baumbach","municipality":{"key":"07143062","name":"Ransbach-Baumbach, Stadt","type":"Stadt"},"district":{"key":"07143","name":"Westerwaldkreis","type":"Landkreis"},"federalState":{"key":"07","name":"Rheinland-Pfalz"}},{"name":"Kapellenstr.","postalCode":"56235","locality":"Ransbach-Baumbach","municipality":{"key":"07143062","name":"Ransbach-Baumbach, Stadt","type":"Stadt"},"district":{"key":"07143","name":"Westerwaldkreis","type":"Landkreis"},"federalState":{"key":"07","name":"Rheinland-Pfalz"}},{"name":"Karlsbader Str.","postalCode":"91522","locality":"Ansbach","municipality":{"key":"09561000","name":"Ansbach","type":"Kreisfreie_Stadt"},"district":{"key":"09561","name":"Ansbach","type":"Kreisfreie_Stadt"},"federalState":{"key":"09","name":"Bayern"}},{"name":"Karlsplatz","postalCode":"91522","locality":"Ansbach","municipality":{"key":"09561000","name":"Ansbach","type":"Kreisfreie_Stadt"},"district":{"key":"09561","name":"Ansbach","type":"Kreisfreie_Stadt"},"federalState":{"key":"09","name":"Bayern"}},{"name":"Karlstr.","postalCode":"91522","locality":"Ansbach","municipality":{"key":"09561000","name":"Ansbach","type":"Kreisfreie_Stadt"},"district":{"key":"09561","name":"Ansbach","type":"Kreisfreie_Stadt"},"federalState":{"key":"09","name":"Bayern"}},{"name":"Karolinenstr.","postalCode":"91522","locality":"Ansbach","municipality":{"key":"09561000","name":"Ansbach","type":"Kreisfreie_Stadt"},"district":{"key":"09561","name":"Ansbach","type":"Kreisfreie_Stadt"},"federalState":{"key":"09","name":"Bayern"}},{"name":"Karpfenstr.","postalCode":"91522","locality":"Ansbach","municipality":{"key":"09561000","name":"Ansbach","type":"Kreisfreie_Stadt"},"district":{"key":"09561","name":"Ansbach","type":"Kreisfreie_Stadt"},"federalState":{"key":"09","name":"Bayern"}},{"name":"Kasernendamm","postalCode":"91522","locality":"Ansbach","municipality":{"key":"09561000","name":"Ansbach","type":"Kreisfreie_Stadt"},"district":{"key":"09561","name":"Ansbach","type":"Kreisfreie_Stadt"},"federalState":{"key":"09","name":"Bayern"}},{"name":"Kaspar-Hauser-Platz","postalCode":"91522","locality":"Ansbach","municipality":{"key":"09561000","name":"Ansbach","type":"Kreisfreie_Stadt"},"district":{"key":"09561","name":"Ansbach","type":"Kreisfreie_Stadt"},"federalState":{"key":"09","name":"Bayern"}},{"name":"Katterbacher Weg","postalCode":"91522","locality":"Ansbach","municipality":{"key":"09561000","name":"Ansbach","type":"Kreisfreie_Stadt"},"district":{"key":"09561","name":"Ansbach","type":"Kreisfreie_Stadt"},"federalState":{"key":"09","name":"Bayern"}},{"name":"Kiefernweg","postalCode":"91522","locality":"Ansbach","municipality":{"key":"09561000","name":"Ansbach","type":"Kreisfreie_Stadt"},"district":{"key":"09561","name":"Ansbach","type":"Kreisfreie_Stadt"},"federalState":{"key":"09","name":"Bayern"}},{"name":"Kirchenstr.","postalCode":"91522","locality":"Ansbach","municipality":{"key":"09561000","name":"Ansbach","type":"Kreisfreie_Stadt"},"district":{"key":"09561","name":"Ansbach","type":"Kreisfreie_Stadt"},"federalState":{"key":"09","name":"Bayern"}},{"name":"Kirchenweg","postalCode":"91522","locality":"Ansbach","municipality":{"key":"09561000","name":"Ansbach","type":"Kreisfreie_Stadt"},"district":{"key":"09561","name":"Ansbach","type":"Kreisfreie_Stadt"},"federalState":{"key":"09","name":"Bayern"}},{"name":"Kirchplatz","postalCode":"91522","locality":"Ansbach","municipality":{"key":"09561000","name":"Ansbach","type":"Kreisfreie_Stadt"},"district":{"key":"09561","name":"Ansbach","type":"Kreisfreie_Stadt"},"federalState":{"key":"09","name":"Bayern"}},{"name":"Kirchstr.","postalCode":"56235","locality":"Ransbach-Baumbach","municipality":{"key":"07143062","name":"Ransbach-Baumbach, Stadt","type":"Stadt"},"district":{"key":"07143","name":"Westerwaldkreis","type":"Landkreis"},"federalState":{"key":"07","name":"Rheinland-Pfalz"}},{"name":"Kleinfeldchen","postalCode":"56235","locality":"Ransbach-Baumbach","municipality":{"key":"07143062","name":"Ransbach-Baumbach, Stadt","type":"Stadt"},"district":{"key":"07143","name":"Westerwaldkreis","type":"Landkreis"},"federalState":{"key":"07","name":"Rheinland-Pfalz"}},{"name":"Klingenberg","postalCode":"91522","locality":"Ansbach","municipality":{"key":"09561000","name":"Ansbach","type":"Kreisfreie_Stadt"},"district":{"key":"09561","name":"Ansbach","type":"Kreisfreie_Stadt"},"federalState":{"key":"09","name":"Bayern"}},{"name":"Klopstockstr.","postalCode":"91522","locality":"Ansbach","municipality":{"key":"09561000","name":"Ansbach","type":"Kreisfreie_Stadt"},"district":{"key":"09561","name":"Ansbach","type":"Kreisfreie_Stadt"},"federalState":{"key":"09","name":"Bayern"}},{"name":"Knebelstr.","postalCode":"91522","locality":"Ansbach","municipality":{"key":"09561000","name":"Ansbach","type":"Kreisfreie_Stadt"},"district":{"key":"09561","name":"Ansbach","type":"Kreisfreie_Stadt"},"federalState":{"key":"09","name":"Bayern"}},{"name":"Kolpingstr.","postalCode":"56235","locality":"Ransbach-Baumbach","municipality":{"key":"07143062","name":"Ransbach-Baumbach, Stadt","type":"Stadt"},"district":{"key":"07143","name":"Westerwaldkreis","type":"Landkreis"},"federalState":{"key":"07","name":"Rheinland-Pfalz"}},{"name":"Königsberger Str.","postalCode":"56235","locality":"Ransbach-Baumbach","municipality":{"key":"07143062","name":"Ransbach-Baumbach, Stadt","type":"Stadt"},"district":{"key":"07143","name":"Westerwaldkreis","type":"Landkreis"},"federalState":{"key":"07","name":"Rheinland-Pfalz"}},{"name":"Königsberger Str.","postalCode":"91522","locality":"Ansbach","municipality":{"key":"09561000","name":"Ansbach","type":"Kreisfreie_Stadt"},"district":{"key":"09561","name":"Ansbach","type":"Kreisfreie_Stadt"},"federalState":{"key":"09","name":"Bayern"}},{"name":"Konrad-Knörr-Str.","postalCode":"91522","locality":"Ansbach","municipality":{"key":"09561000","name":"Ansbach","type":"Kreisfreie_Stadt"},"district":{"key":"09561","name":"Ansbach","type":"Kreisfreie_Stadt"},"federalState":{"key":"09","name":"Bayern"}},{"name":"Köppelblick","postalCode":"56235","locality":"Ransbach-Baumbach","municipality":{"key":"07143062","name":"Ransbach-Baumbach, Stadt","type":"Stadt"},"district":{"key":"07143","name":"Westerwaldkreis","type":"Landkreis"},"federalState":{"key":"07","name":"Rheinland-Pfalz"}},{"name":"Körnerplatz","postalCode":"91522","locality":"Ansbach","municipality":{"key":"09561000","name":"Ansbach","type":"Kreisfreie_Stadt"},"district":{"key":"09561","name":"Ansbach","type":"Kreisfreie_Stadt"},"federalState":{"key":"09","name":"Bayern"}},{"name":"Kösslerstr.","postalCode":"91522","locality":"Ansbach","municipality":{"key":"09561000","name":"Ansbach","type":"Kreisfreie_Stadt"},"district":{"key":"09561","name":"Ansbach","type":"Kreisfreie_Stadt"},"federalState":{"key":"09","name":"Bayern"}},{"name":"Kraußstr.","postalCode":"91522","locality":"Ansbach","municipality":{"key":"09561000","name":"Ansbach","type":"Kreisfreie_Stadt"},"district":{"key":"09561","name":"Ansbach","type":"Kreisfreie_Stadt"},"federalState":{"key":"09","name":"Bayern"}},{"name":"Kreisstr.","postalCode":"91623","locality":"Sachsen bei Ansbach","municipality":{"key":"09571196","name":"Sachsen b.Ansbach","type":"Kreisangehörige_Gemeinde"},"district":{"key":"09571","name":"Ansbach","type":"Landkreis"},"federalState":{"key":"09","name":"Bayern"}},{"name":"Kreuzberg","postalCode":"91623","locality":"Sachsen bei Ansbach","municipality":{"key":"09571196","name":"Sachsen b.Ansbach","type":"Kreisangehörige_Gemeinde"},"district":{"key":"09571","name":"Ansbach","type":"Landkreis"},"federalState":{"key":"09","name":"Bayern"}},{"name":"Kronacherstr.","postalCode":"91522","locality":"Ansbach","municipality":{"key":"09561000","name":"Ansbach","type":"Kreisfreie_Stadt"},"district":{"key":"09561","name":"Ansbach","type":"Kreisfreie_Stadt"},"federalState":{"key":"09","name":"Bayern"}},{"name":"Krugbäckerstr.","postalCode":"56235","locality":"Ransbach-Baumbach","municipality":{"key":"07143062","name":"Ransbach-Baumbach, Stadt","type":"Stadt"},"district":{"key":"07143","name":"Westerwaldkreis","type":"Landkreis"},"federalState":{"key":"07","name":"Rheinland-Pfalz"}},{"name":"Krumme Leiten","postalCode":"91623","locality":"Sachsen bei Ansbach","municipality":{"key":"09571196","name":"Sachsen b.Ansbach","type":"Kreisangehörige_Gemeinde"},"district":{"key":"09571","name":"Ansbach","type":"Landkreis"},"federalState":{"key":"09","name":"Bayern"}},{"name":"Kurzendorf","postalCode":"91522","locality":"Ansbach","municipality":{"key":"09561000","name":"Ansbach","type":"Kreisfreie_Stadt"},"district":{"key":"09561","name":"Ansbach","type":"Kreisfreie_Stadt"},"federalState":{"key":"09","name":"Bayern"}},{"name":"Lärchenweg","postalCode":"91732","locality":"Merkendorf","municipality":{"key":"09571177","name":"Merkendorf, St","type":"Stadt"},"district":{"key":"09571","name":"Ansbach","type":"Landkreis"},"federalState":{"key":"09","name":"Bayern"}},{"name":"Lindenstr.","postalCode":"91732","locality":"Merkendorf","municipality":{"key":"09571177","name":"Merkendorf, St","type":"Stadt"},"district":{"key":"09571","name":"Ansbach","type":"Landkreis"},"federalState":{"key":"09","name":"Bayern"}},{"name":"Marktplatz","postalCode":"91732","locality":"Merkendorf","municipality":{"key":"09571177","name":"Merkendorf, St","type":"Stadt"},"district":{"key":"09571","name":"Ansbach","type":"Landkreis"},"federalState":{"key":"09","name":"Bayern"}},{"name":"Max-Auernhammer-Str.","postalCode":"91732","locality":"Merkendorf","municipality":{"key":"09571177","name":"Merkendorf, St","type":"Stadt"},"district":{"key":"09571","name":"Ansbach","type":"Landkreis"},"federalState":{"key":"09","name":"Bayern"}},{"name":"Maximilianstr.","postalCode":"91732","locality":"Merkendorf","municipality":{"key":"09571177","name":"Merkendorf, St","type":"Stadt"},"district":{"key":"09571","name":"Ansbach","type":"Landkreis"},"federalState":{"key":"09","name":"Bayern"}},{"name":"Neuses","postalCode":"91732","locality":"Merkendorf","municipality":{"key":"09571177","name":"Merkendorf, St","type":"Stadt"},"district":{"key":"09571","name":"Ansbach","type":"Landkreis"},"federalState":{"key":"09","name":"Bayern"}},{"name":"Obere Mühlleite","postalCode":"91522","locality":"Ansbach","municipality":{"key":"09561000","name":"Ansbach","type":"Kreisfreie_Stadt"},"district":{"key":"09561","name":"Ansbach","type":"Kreisfreie_Stadt"},"federalState":{"key":"09","name":"Bayern"}},{"name":"Oberer Weinberg","postalCode":"91522","locality":"Ansbach","municipality":{"key":"09561000","name":"Ansbach","type":"Kreisfreie_Stadt"},"district":{"key":"09561","name":"Ansbach","type":"Kreisfreie_Stadt"},"federalState":{"key":"09","name":"Bayern"}},{"name":"Oberhäuserstr.","postalCode":"91522","locality":"Ansbach","municipality":{"key":"09561000","name":"Ansbach","type":"Kreisfreie_Stadt"},"district":{"key":"09561","name":"Ansbach","type":"Kreisfreie_Stadt"},"federalState":{"key":"09","name":"Bayern"}},{"name":"Oertelweg","postalCode":"91522","locality":"Ansbach","municipality":{"key":"09561000","name":"Ansbach","type":"Kreisfreie_Stadt"},"district":{"key":"09561","name":"Ansbach","type":"Kreisfreie_Stadt"},"federalState":{"key":"09","name":"Bayern"}},{"name":"Orangeriesteg","postalCode":"91522","locality":"Ansbach","municipality":{"key":"09561000","name":"Ansbach","type":"Kreisfreie_Stadt"},"district":{"key":"09561","name":"Ansbach","type":"Kreisfreie_Stadt"},"federalState":{"key":"09","name":"Bayern"}},{"name":"Osterfeldstr.","postalCode":"56235","locality":"Ransbach-Baumbach","municipality":{"key":"07143062","name":"Ransbach-Baumbach, Stadt","type":"Stadt"},"district":{"key":"07143","name":"Westerwaldkreis","type":"Landkreis"},"federalState":{"key":"07","name":"Rheinland-Pfalz"}},{"name":"Oststr.","postalCode":"56235","locality":"Ransbach-Baumbach","municipality":{"key":"07143062","name":"Ransbach-Baumbach, Stadt","type":"Stadt"},"district":{"key":"07143","name":"Westerwaldkreis","type":"Landkreis"},"federalState":{"key":"07","name":"Rheinland-Pfalz"}},{"name":"Othmayrstr.","postalCode":"91522","locality":"Ansbach","municipality":{"key":"09561000","name":"Ansbach","type":"Kreisfreie_Stadt"},"district":{"key":"09561","name":"Ansbach","type":"Kreisfreie_Stadt"},"federalState":{"key":"09","name":"Bayern"}},{"name":"Otto-Lilienthal-Weg","postalCode":"91522","locality":"Ansbach","municipality":{"key":"09561000","name":"Ansbach","type":"Kreisfreie_Stadt"},"district":{"key":"09561","name":"Ansbach","type":"Kreisfreie_Stadt"},"federalState":{"key":"09","name":"Bayern"}},{"name":"Parkstr.","postalCode":"56235","locality":"Ransbach-Baumbach","municipality":{"key":"07143062","name":"Ransbach-Baumbach, Stadt","type":"Stadt"},"district":{"key":"07143","name":"Westerwaldkreis","type":"Landkreis"},"federalState":{"key":"07","name":"Rheinland-Pfalz"}},{"name":"Pestalozzistr.","postalCode":"91522","locality":"Ansbach","municipality":{"key":"09561000","name":"Ansbach","type":"Kreisfreie_Stadt"},"district":{"key":"09561","name":"Ansbach","type":"Kreisfreie_Stadt"},"federalState":{"key":"09","name":"Bayern"}},{"name":"Pettenkoferstr.","postalCode":"91522","locality":"Ansbach","municipality":{"key":"09561000","name":"Ansbach","type":"Kreisfreie_Stadt"},"district":{"key":"09561","name":"Ansbach","type":"Kreisfreie_Stadt"},"federalState":{"key":"09","name":"Bayern"}},{"name":"Pfaffenbuck","postalCode":"91522","locality":"Ansbach","municipality":{"key":"09561000","name":"Ansbach","type":"Kreisfreie_Stadt"},"district":{"key":"09561","name":"Ansbach","type":"Kreisfreie_Stadt"},"federalState":{"key":"09","name":"Bayern"}},{"name":"Pfaffengreuth","postalCode":"91522","locality":"Ansbach","municipality":{"key":"09561000","name":"Ansbach","type":"Kreisfreie_Stadt"},"district":{"key":"09561","name":"Ansbach","type":"Kreisfreie_Stadt"},"federalState":{"key":"09","name":"Bayern"}},{"name":"Pfaffengreuther Berg","postalCode":"91522","locality":"Ansbach","municipality":{"key":"09561000","name":"Ansbach","type":"Kreisfreie_Stadt"},"district":{"key":"09561","name":"Ansbach","type":"Kreisfreie_Stadt"},"federalState":{"key":"09","name":"Bayern"}},{"name":"Pfarrer-Born-Str.","postalCode":"56235","locality":"Ransbach-Baumbach","municipality":{"key":"07143062","name":"Ransbach-Baumbach, Stadt","type":"Stadt"},"district":{"key":"07143","name":"Westerwaldkreis","type":"Landkreis"},"federalState":{"key":"07","name":"Rheinland-Pfalz"}},{"name":"Pfarrer-Hans-Str.","postalCode":"56235","locality":"Ransbach-Baumbach","municipality":{"key":"07143062","name":"Ransbach-Baumbach, Stadt","type":"Stadt"},"district":{"key":"07143","name":"Westerwaldkreis","type":"Landkreis"},"federalState":{"key":"07","name":"Rheinland-Pfalz"}},{"name":"Pfarrer-Nonn-Str.","postalCode":"56235","locality":"Ransbach-Baumbach","municipality":{"key":"07143062","name":"Ransbach-Baumbach, Stadt","type":"Stadt"},"district":{"key":"07143","name":"Westerwaldkreis","type":"Landkreis"},"federalState":{"key":"07","name":"Rheinland-Pfalz"}},{"name":"Pfarrstr.","postalCode":"91522","locality":"Ansbach","municipality":{"key":"09561000","name":"Ansbach","type":"Kreisfreie_Stadt"},"district":{"key":"09561","name":"Ansbach","type":"Kreisfreie_Stadt"},"federalState":{"key":"09","name":"Bayern"}},{"name":"Pfisterstr.","postalCode":"91522","locality":"Ansbach","municipality":{"key":"09561000","name":"Ansbach","type":"Kreisfreie_Stadt"},"district":{"key":"09561","name":"Ansbach","type":"Kreisfreie_Stadt"},"federalState":{"key":"09","name":"Bayern"}},{"name":"Philipp-Zorn-Str.","postalCode":"91522","locality":"Ansbach","municipality":{"key":"09561000","name":"Ansbach","type":"Kreisfreie_Stadt"},"district":{"key":"09561","name":"Ansbach","type":"Kreisfreie_Stadt"},"federalState":{"key":"09","name":"Bayern"}},{"name":"Platenstr.","postalCode":"91522","locality":"Ansbach","municipality":{"key":"09561000","name":"Ansbach","type":"Kreisfreie_Stadt"},"district":{"key":"09561","name":"Ansbach","type":"Kreisfreie_Stadt"},"federalState":{"key":"09","name":"Bayern"}},{"name":"Pleurtuit-Str.","postalCode":"56235","locality":"Ransbach-Baumbach","municipality":{"key":"07143062","name":"Ransbach-Baumbach, Stadt","type":"Stadt"},"district":{"key":"07143","name":"Westerwaldkreis","type":"Landkreis"},"federalState":{"key":"07","name":"Rheinland-Pfalz"}},{"name":"Pommernstr.","postalCode":"91522","locality":"Ansbach","municipality":{"key":"09561000","name":"Ansbach","type":"Kreisfreie_Stadt"},"district":{"key":"09561","name":"Ansbach","type":"Kreisfreie_Stadt"},"federalState":{"key":"09","name":"Bayern"}},{"name":"Poststr.","postalCode":"56235","locality":"Ransbach-Baumbach","municipality":{"key":"07143062","name":"Ransbach-Baumbach, Stadt","type":"Stadt"},"district":{"key":"07143","name":"Westerwaldkreis","type":"Landkreis"},"federalState":{"key":"07","name":"Rheinland-Pfalz"}},{"name":"Potsdamer Str.","postalCode":"56235","locality":"Ransbach-Baumbach","municipality":{"key":"07143062","name":"Ransbach-Baumbach, Stadt","type":"Stadt"},"district":{"key":"07143","name":"Westerwaldkreis","type":"Landkreis"},"federalState":{"key":"07","name":"Rheinland-Pfalz"}},{"name":"Promenade","postalCode":"91522","locality":"Ansbach","municipality":{"key":"09561000","name":"Ansbach","type":"Kreisfreie_Stadt"},"district":{"key":"09561","name":"Ansbach","type":"Kreisfreie_Stadt"},"federalState":{"key":"09","name":"Bayern"}},{"name":"Quaststr.","postalCode":"91522","locality":"Ansbach","municipality":{"key":"09561000","name":"Ansbach","type":"Kreisfreie_Stadt"},"district":{"key":"09561","name":"Ansbach","type":"Kreisfreie_Stadt"},"federalState":{"key":"09","name":"Bayern"}},{"name":"Raiffeisenstr.","postalCode":"91732","locality":"Merkendorf","municipality":{"key":"09571177","name":"Merkendorf, St","type":"Stadt"},"district":{"key":"09571","name":"Ansbach","type":"Landkreis"},"federalState":{"key":"09","name":"Bayern"}},{"name":"Ringstr.","postalCode":"91732","locality":"Merkendorf","municipality":{"key":"09571177","name":"Merkendorf, St","type":"Stadt"},"district":{"key":"09571","name":"Ansbach","type":"Landkreis"},"federalState":{"key":"09","name":"Bayern"}},{"name":"Robert-Schulz-Str.","postalCode":"91732","locality":"Merkendorf","municipality":{"key":"09571177","name":"Merkendorf, St","type":"Stadt"},"district":{"key":"09571","name":"Ansbach","type":"Landkreis"},"federalState":{"key":"09","name":"Bayern"}},{"name":"Schillerring","postalCode":"91732","locality":"Merkendorf","municipality":{"key":"09571177","name":"Merkendorf, St","type":"Stadt"},"district":{"key":"09571","name":"Ansbach","type":"Landkreis"},"federalState":{"key":"09","name":"Bayern"}},{"name":"Schlittenberg","postalCode":"91732","locality":"Merkendorf","municipality":{"key":"09571177","name":"Merkendorf, St","type":"Stadt"},"district":{"key":"09571","name":"Ansbach","type":"Landkreis"},"federalState":{"key":"09","name":"Bayern"}},{"name":"Sonnenstr.","postalCode":"91732","locality":"Merkendorf","municipality":{"key":"09571177","name":"Merkendorf, St","type":"Stadt"},"district":{"key":"09571","name":"Ansbach","type":"Landkreis"},"federalState":{"key":"09","name":"Bayern"}},{"name":"Sudetenstr.","postalCode":"91732","locality":"Merkendorf","municipality":{"key":"09571177","name":"Merkendorf, St","type":"Stadt"},"district":{"key":"09571","name":"Ansbach","type":"Landkreis"},"federalState":{"key":"09","name":"Bayern"}},{"name":"Tannenweg","postalCode":"91732","locality":"Merkendorf","municipality":{"key":"09571177","name":"Merkendorf, St","type":"Stadt"},"district":{"key":"09571","name":"Ansbach","type":"Landkreis"},"federalState":{"key":"09","name":"Bayern"}},{"name":"Triesdorf Bahnhof","postalCode":"91732","locality":"Merkendorf","municipality":{"key":"09571177","name":"Merkendorf, St","type":"Stadt"},"district":{"key":"09571","name":"Ansbach","type":"Landkreis"},"federalState":{"key":"09","name":"Bayern"}},{"name":"Uhlandstr.","postalCode":"91522","locality":"Ansbach","municipality":{"key":"09561000","name":"Ansbach","type":"Kreisfreie_Stadt"},"district":{"key":"09561","name":"Ansbach","type":"Kreisfreie_Stadt"},"federalState":{"key":"09","name":"Bayern"}},{"name":"Ulanenweg","postalCode":"91522","locality":"Ansbach","municipality":{"key":"09561000","name":"Ansbach","type":"Kreisfreie_Stadt"},"district":{"key":"09561","name":"Ansbach","type":"Kreisfreie_Stadt"},"federalState":{"key":"09","name":"Bayern"}},{"name":"Ulmenstr.","postalCode":"91623","locality":"Sachsen bei Ansbach","municipality":{"key":"09571196","name":"Sachsen b.Ansbach","type":"Kreisangehörige_Gemeinde"},"district":{"key":"09571","name":"Ansbach","type":"Landkreis"},"federalState":{"key":"09","name":"Bayern"}},{"name":"Ulmenweg","postalCode":"56235","locality":"Ransbach-Baumbach","municipality":{"key":"07143062","name":"Ransbach-Baumbach, Stadt","type":"Stadt"},"district":{"key":"07143","name":"Westerwaldkreis","type":"Landkreis"},"federalState":{"key":"07","name":"Rheinland-Pfalz"}},{"name":"Ulmenweg","postalCode":"91522","locality":"Ansbach","municipality":{"key":"09561000","name":"Ansbach","type":"Kreisfreie_Stadt"},"district":{"key":"09561","name":"Ansbach","type":"Kreisfreie_Stadt"},"federalState":{"key":"09","name":"Bayern"}},{"name":"Untere Mühlleite","postalCode":"91522","locality":"Ansbach","municipality":{"key":"09561000","name":"Ansbach","type":"Kreisfreie_Stadt"},"district":{"key":"09561","name":"Ansbach","type":"Kreisfreie_Stadt"},"federalState":{"key":"09","name":"Bayern"}},{"name":"Unterer Weinberg","postalCode":"91522","locality":"Ansbach","municipality":{"key":"09561000","name":"Ansbach","type":"Kreisfreie_Stadt"},"district":{"key":"09561","name":"Ansbach","type":"Kreisfreie_Stadt"},"federalState":{"key":"09","name":"Bayern"}},{"name":"Urlasstr.","postalCode":"91522","locality":"Ansbach","municipality":{"key":"09561000","name":"Ansbach","type":"Kreisfreie_Stadt"},"district":{"key":"09561","name":"Ansbach","type":"Kreisfreie_Stadt"},"federalState":{"key":"09","name":"Bayern"}},{"name":"Urlesstr.","postalCode":"91623","locality":"Sachsen bei Ansbach","municipality":{"key":"09571196","name":"Sachsen b.Ansbach","type":"Kreisangehörige_Gemeinde"},"district":{"key":"09571","name":"Ansbach","type":"Landkreis"},"federalState":{"key":"09","name":"Bayern"}},{"name":"Veit-Stoß-Str.","postalCode":"91623","locality":"Sachsen bei Ansbach","municipality":{"key":"09571196","name":"Sachsen b.Ansbach","type":"Kreisangehörige_Gemeinde"},"district":{"key":"09571","name":"Ansbach","type":"Landkreis"},"federalState":{"key":"09","name":"Bayern"}},{"name":"Vetterstr.","postalCode":"91522","locality":"Ansbach","municipality":{"key":"09561000","name":"Ansbach","type":"Kreisfreie_Stadt"},"district":{"key":"09561","name":"Ansbach","type":"Kreisfreie_Stadt"},"federalState":{"key":"09","name":"Bayern"}},{"name":"Virchowstr.","postalCode":"91522","locality":"Ansbach","municipality":{"key":"09561000","name":"Ansbach","type":"Kreisfreie_Stadt"},"district":{"key":"09561","name":"Ansbach","type":"Kreisfreie_Stadt"},"federalState":{"key":"09","name":"Bayern"}},{"name":"Vogelherd","postalCode":"91522","locality":"Ansbach","municipality":{"key":"09561000","name":"Ansbach","type":"Kreisfreie_Stadt"},"district":{"key":"09561","name":"Ansbach","type":"Kreisfreie_Stadt"},"federalState":{"key":"09","name":"Bayern"}},{"name":"Vogelweide","postalCode":"91522","locality":"Ansbach","municipality":{"key":"09561000","name":"Ansbach","type":"Kreisfreie_Stadt"},"district":{"key":"09561","name":"Ansbach","type":"Kreisfreie_Stadt"},"federalState":{"key":"09","name":"Bayern"}},{"name":"Vogtherrstr.","postalCode":"91522","locality":"Ansbach","municipality":{"key":"09561000","name":"Ansbach","type":"Kreisfreie_Stadt"},"district":{"key":"09561","name":"Ansbach","type":"Kreisfreie_Stadt"},"federalState":{"key":"09","name":"Bayern"}},{"name":"Volkersdorfer Str.","postalCode":"91623","locality":"Sachsen bei Ansbach","municipality":{"key":"09571196","name":"Sachsen b.Ansbach","type":"Kreisangehörige_Gemeinde"},"district":{"key":"09571","name":"Ansbach","type":"Landkreis"},"federalState":{"key":"09","name":"Bayern"}},{"name":"Von-Reifenberg-Str.","postalCode":"56235","locality":"Ransbach-Baumbach","municipality":{"key":"07143062","name":"Ransbach-Baumbach, Stadt","type":"Stadt"},"district":{"key":"07143","name":"Westerwaldkreis","type":"Landkreis"},"federalState":{"key":"07","name":"Rheinland-Pfalz"}},{"name":"Von-Steuben-Str.","postalCode":"91522","locality":"Ansbach","municipality":{"key":"09561000","name":"Ansbach","type":"Kreisfreie_Stadt"},"district":{"key":"09561","name":"Ansbach","type":"Kreisfreie_Stadt"},"federalState":{"key":"09","name":"Bayern"}},{"name":"Von-Weber-Str.","postalCode":"91522","locality":"Ansbach","municipality":{"key":"09561000","name":"Ansbach","type":"Kreisfreie_Stadt"},"district":{"key":"09561","name":"Ansbach","type":"Kreisfreie_Stadt"},"federalState":{"key":"09","name":"Bayern"}},{"name":"Weglehnerstr.","postalCode":"91732","locality":"Merkendorf","municipality":{"key":"09571177","name":"Merkendorf, St","type":"Stadt"},"district":{"key":"09571","name":"Ansbach","type":"Landkreis"},"federalState":{"key":"09","name":"Bayern"}},{"name":"Weidachstr.","postalCode":"91732","locality":"Merkendorf","municipality":{"key":"09571177","name":"Merkendorf, St","type":"Stadt"},"district":{"key":"09571","name":"Ansbach","type":"Landkreis"},"federalState":{"key":"09","name":"Bayern"}},{"name":"Wenzelstr.","postalCode":"91732","locality":"Merkendorf","municipality":{"key":"09571177","name":"Merkendorf, St","type":"Stadt"},"district":{"key":"09571","name":"Ansbach","type":"Landkreis"},"federalState":{"key":"09","name":"Bayern"}},{"name":"Wiesengrund","postalCode":"91732","locality":"Merkendorf","municipality":{"key":"09571177","name":"Merkendorf, St","type":"Stadt"},"district":{"key":"09571","name":"Ansbach","type":"Landkreis"},"federalState":{"key":"09","name":"Bayern"}},{"name":"Wilhelm-Löhe-Str.","postalCode":"91732","locality":"Merkendorf","municipality":{"key":"09571177","name":"Merkendorf, St","type":"Stadt"},"district":{"key":"09571","name":"Ansbach","type":"Landkreis"},"federalState":{"key":"09","name":"Bayern"}},{"name":"Wilhelmstr.","postalCode":"91732","locality":"Merkendorf","municipality":{"key":"09571177","name":"Merkendorf, St","type":"Stadt"},"district":{"key":"09571","name":"Ansbach","type":"Landkreis"},"federalState":{"key":"09","name":"Bayern"}},{"name":"Ziegelhütte","postalCode":"91522","locality":"Ansbach","municipality":{"key":"09561000","name":"Ansbach","type":"Kreisfreie_Stadt"},"district":{"key":"09561","name":"Ansbach","type":"Kreisfreie_Stadt"},"federalState":{"key":"09","name":"Bayern"}},{"name":"Ziegelhüttenweg","postalCode":"91522","locality":"Ansbach","municipality":{"key":"09561000","name":"Ansbach","type":"Kreisfreie_Stadt"},"district":{"key":"09561","name":"Ansbach","type":"Kreisfreie_Stadt"},"federalState":{"key":"09","name":"Bayern"}},{"name":"Zochastr.","postalCode":"91522","locality":"Ansbach","municipality":{"key":"09561000","name":"Ansbach","type":"Kreisfreie_Stadt"},"district":{"key":"09561","name":"Ansbach","type":"Kreisfreie_Stadt"},"federalState":{"key":"09","name":"Bayern"}},{"name":"Zogelweg","postalCode":"91522","locality":"Ansbach","municipality":{"key":"09561000","name":"Ansbach","type":"Kreisfreie_Stadt"},"district":{"key":"09561","name":"Ansbach","type":"Kreisfreie_Stadt"},"federalState":{"key":"09","name":"Bayern"}},{"name":"Zumach-Gärtchen","postalCode":"91522","locality":"Ansbach","municipality":{"key":"09561000","name":"Ansbach","type":"Kreisfreie_Stadt"},"district":{"key":"09561","name":"Ansbach","type":"Kreisfreie_Stadt"},"federalState":{"key":"09","name":"Bayern"}},{"name":"Zum Geißplatz","postalCode":"91522","locality":"Ansbach","municipality":{"key":"09561000","name":"Ansbach","type":"Kreisfreie_Stadt"},"district":{"key":"09561","name":"Ansbach","type":"Kreisfreie_Stadt"},"federalState":{"key":"09","name":"Bayern"}},{"name":"Zum Kirmesplatz","postalCode":"56235","locality":"Ransbach-Baumbach","municipality":{"key":"07143062","name":"Ransbach-Baumbach, Stadt","type":"Stadt"},"district":{"key":"07143","name":"Westerwaldkreis","type":"Landkreis"},"federalState":{"key":"07","name":"Rheinland-Pfalz"}},{"name":"Zum Schafwasen","postalCode":"91522","locality":"Ansbach","municipality":{"key":"09561000","name":"Ansbach","type":"Kreisfreie_Stadt"},"district":{"key":"09561","name":"Ansbach","type":"Kreisfreie_Stadt"},"federalState":{"key":"09","name":"Bayern"}},{"name":"Zum Silberwald","postalCode":"91522","locality":"Ansbach","municipality":{"key":"09561000","name":"Ansbach","type":"Kreisfreie_Stadt"},"district":{"key":"09561","name":"Ansbach","type":"Kreisfreie_Stadt"},"federalState":{"key":"09","name":"Bayern"}},{"name":"Zum Steinernen Gaul","postalCode":"91522","locality":"Ansbach","municipality":{"key":"09561000","name":"Ansbach","type":"Kreisfreie_Stadt"},"district":{"key":"09561","name":"Ansbach","type":"Kreisfreie_Stadt"},"federalState":{"key":"09","name":"Bayern"}},{"name":"Zum Texas","postalCode":"56235","locality":"Ransbach-Baumbach","municipality":{"key":"07143062","name":"Ransbach-Baumbach, Stadt","type":"Stadt"},"district":{"key":"07143","name":"Westerwaldkreis","type":"Landkreis"},"federalState":{"key":"07","name":"Rheinland-Pfalz"}},{"name":"Zur alten Villa","postalCode":"56235","locality":"Ransbach-Baumbach","municipality":{"key":"07143062","name":"Ransbach-Baumbach, Stadt","type":"Stadt"},"district":{"key":"07143","name":"Westerwaldkreis","type":"Landkreis"},"federalState":{"key":"07","name":"Rheinland-Pfalz"}},{"name":"Zur Bahnschau","postalCode":"91522","locality":"Ansbach","municipality":{"key":"09561000","name":"Ansbach","type":"Kreisfreie_Stadt"},"district":{"key":"09561","name":"Ansbach","type":"Kreisfreie_Stadt"},"federalState":{"key":"09","name":"Bayern"}},{"name":"Zur Schanz","postalCode":"91522","locality":"Ansbach","municipality":{"key":"09561000","name":"Ansbach","type":"Kreisfreie_Stadt"},"district":{"key":"09561","name":"Ansbach","type":"Kreisfreie_Stadt"},"federalState":{"key":"09","name":"Bayern"}},{"name":"Zur Schockenmühle","postalCode":"91522","locality":"Ansbach","municipality":{"key":"09561000","name":"Ansbach","type":"Kreisfreie_Stadt"},"district":{"key":"09561","name":"Ansbach","type":"Kreisfreie_Stadt"},"federalState":{"key":"09","name":"Bayern"}},{"name":"Zur Schwedenschanz","postalCode":"91522","locality":"Ansbach","municipality":{"key":"09561000","name":"Ansbach","type":"Kreisfreie_Stadt"},"district":{"key":"09561","name":"Ansbach","type":"Kreisfreie_Stadt"},"federalState":{"key":"09","name":"Bayern"}},{"name":"Zur Silbermühle","postalCode":"91522","locality":"Ansbach","municipality":{"key":"09561000","name":"Ansbach","type":"Kreisfreie_Stadt"},"district":{"key":"09561","name":"Ansbach","type":"Kreisfreie_Stadt"},"federalState":{"key":"09","name":"Bayern"}},{"name":"Zur Tongrube","postalCode":"56235","locality":"Ransbach-Baumbach","municipality":{"key":"07143062","name":"Ransbach-Baumbach, Stadt","type":"Stadt"},"district":{"key":"07143","name":"Westerwaldkreis","type":"Landkreis"},"federalState":{"key":"07","name":"Rheinland-Pfalz"}},{"name":"Zwergstr.","postalCode":"56235","locality":"Ransbach-Baumbach","municipality":{"key":"07143062","name":"Ransbach-Baumbach, Stadt","type":"Stadt"},"district":{"key":"07143","name":"Westerwaldkreis","type":"Landkreis"},"federalState":{"key":"07","name":"Rheinland-Pfalz"}},]