[{"name":"Adolf-Kolping-Str.","postalCode":"83317","locality":"Teisendorf","municipality":{"key":"09172134","name":"Teisendorf, M","type":"Markt"},"district":{"key":"09172","name":"Berchtesgadener Land","type":"Landkreis"},"federalState":{"key":"09","name":"Bayern"}},{"name":"Alte Reichenhaller Str.","postalCode":"83317","locality":"Teisendorf","municipality":{"key":"09172134","name":"Teisendorf, M","type":"Markt"},"district":{"key":"09172","name":"Berchtesgadener Land","type":"Landkreis"},"federalState":{"key":"09","name":"Bayern"}},{"name":"Am Anger","postalCode":"83317","locality":"Teisendorf","municipality":{"key":"09172134","name":"Teisendorf, M","type":"Markt"},"district":{"key":"09172","name":"Berchtesgadener Land","type":"Landkreis"},"federalState":{"key":"09","name":"Bayern"}},{"name":"Am Staufenblick","postalCode":"83317","locality":"Teisendorf","municipality":{"key":"09172134","name":"Teisendorf, M","type":"Markt"},"district":{"key":"09172","name":"Berchtesgadener Land","type":"Landkreis"},"federalState":{"key":"09","name":"Bayern"}},{"name":"Amtmannfeld","postalCode":"83317","locality":"Teisendorf","municipality":{"key":"09172134","name":"Teisendorf, M","type":"Markt"},"district":{"key":"09172","name":"Berchtesgadener Land","type":"Landkreis"},"federalState":{"key":"09","name":"Bayern"}},{"name":"An der Ache","postalCode":"83317","locality":"Teisendorf","municipality":{"key":"09172134","name":"Teisendorf, M","type":"Markt"},"district":{"key":"09172","name":"Berchtesgadener Land","type":"Landkreis"},"federalState":{"key":"09","name":"Bayern"}},{"name":"Andreasweg","postalCode":"83317","locality":"Teisendorf","municipality":{"key":"09172134","name":"Teisendorf, M","type":"Markt"},"district":{"key":"09172","name":"Berchtesgadener Land","type":"Landkreis"},"federalState":{"key":"09","name":"Bayern"}},{"name":"Arnoweg","postalCode":"83317","locality":"Teisendorf","municipality":{"key":"09172134","name":"Teisendorf, M","type":"Markt"},"district":{"key":"09172","name":"Berchtesgadener Land","type":"Landkreis"},"federalState":{"key":"09","name":"Bayern"}},{"name":"Badweg","postalCode":"83364","locality":"Teisendorf","municipality":{"key":"09172134","name":"Teisendorf, M","type":"Markt"},"district":{"key":"09172","name":"Berchtesgadener Land","type":"Landkreis"},"federalState":{"key":"09","name":"Bayern"}},{"name":"Bahnhofplatz","postalCode":"83317","locality":"Teisendorf","municipality":{"key":"09172134","name":"Teisendorf, M","type":"Markt"},"district":{"key":"09172","name":"Berchtesgadener Land","type":"Landkreis"},"federalState":{"key":"09","name":"Bayern"}},{"name":"Bahnhofstr.","postalCode":"83317","locality":"Teisendorf","municipality":{"key":"09172134","name":"Teisendorf, M","type":"Markt"},"district":{"key":"09172","name":"Berchtesgadener Land","type":"Landkreis"},"federalState":{"key":"09","name":"Bayern"}},{"name":"Barbarastr.","postalCode":"83364","locality":"Teisendorf","municipality":{"key":"09172134","name":"Teisendorf, M","type":"Markt"},"district":{"key":"09172","name":"Berchtesgadener Land","type":"Landkreis"},"federalState":{"key":"09","name":"Bayern"}},{"name":"Birkenweg","postalCode":"83317","locality":"Teisendorf","municipality":{"key":"09172134","name":"Teisendorf, M","type":"Markt"},"district":{"key":"09172","name":"Berchtesgadener Land","type":"Landkreis"},"federalState":{"key":"09","name":"Bayern"}},{"name":"Blumenweg","postalCode":"83317","locality":"Teisendorf","municipality":{"key":"09172134","name":"Teisendorf, M","type":"Markt"},"district":{"key":"09172","name":"Berchtesgadener Land","type":"Landkreis"},"federalState":{"key":"09","name":"Bayern"}},{"name":"Bundesstr.","postalCode":"83317","locality":"Teisendorf","municipality":{"key":"09172134","name":"Teisendorf, M","type":"Markt"},"district":{"key":"09172","name":"Berchtesgadener Land","type":"Landkreis"},"federalState":{"key":"09","name":"Bayern"}},{"name":"Dachsteinstr.","postalCode":"83317","locality":"Teisendorf","municipality":{"key":"09172134","name":"Teisendorf, M","type":"Markt"},"district":{"key":"09172","name":"Berchtesgadener Land","type":"Landkreis"},"federalState":{"key":"09","name":"Bayern"}},{"name":"Dechantshof","postalCode":"83317","locality":"Teisendorf","municipality":{"key":"09172134","name":"Teisendorf, M","type":"Markt"},"district":{"key":"09172","name":"Berchtesgadener Land","type":"Landkreis"},"federalState":{"key":"09","name":"Bayern"}},{"name":"Dorfstr.","postalCode":"83317","locality":"Teisendorf","municipality":{"key":"09172134","name":"Teisendorf, M","type":"Markt"},"district":{"key":"09172","name":"Berchtesgadener Land","type":"Landkreis"},"federalState":{"key":"09","name":"Bayern"}},{"name":"Dorfstr.","postalCode":"83364","locality":"Teisendorf","municipality":{"key":"09172134","name":"Teisendorf, M","type":"Markt"},"district":{"key":"09172","name":"Berchtesgadener Land","type":"Landkreis"},"federalState":{"key":"09","name":"Bayern"}},{"name":"Englham","postalCode":"83317","locality":"Teisendorf","municipality":{"key":"09172134","name":"Teisendorf, M","type":"Markt"},"district":{"key":"09172","name":"Berchtesgadener Land","type":"Landkreis"},"federalState":{"key":"09","name":"Bayern"}},{"name":"Filzstr.","postalCode":"83317","locality":"Teisendorf","municipality":{"key":"09172134","name":"Teisendorf, M","type":"Markt"},"district":{"key":"09172","name":"Berchtesgadener Land","type":"Landkreis"},"federalState":{"key":"09","name":"Bayern"}},{"name":"Florianweg","postalCode":"83317","locality":"Teisendorf","municipality":{"key":"09172134","name":"Teisendorf, M","type":"Markt"},"district":{"key":"09172","name":"Berchtesgadener Land","type":"Landkreis"},"federalState":{"key":"09","name":"Bayern"}},{"name":"Forstamtsplatz","postalCode":"83317","locality":"Teisendorf","municipality":{"key":"09172134","name":"Teisendorf, M","type":"Markt"},"district":{"key":"09172","name":"Berchtesgadener Land","type":"Landkreis"},"federalState":{"key":"09","name":"Bayern"}},{"name":"Freibad Neukirchen","postalCode":"83364","locality":"Teisendorf","municipality":{"key":"09172134","name":"Teisendorf, M","type":"Markt"},"district":{"key":"09172","name":"Berchtesgadener Land","type":"Landkreis"},"federalState":{"key":"09","name":"Bayern"}},{"name":"Freidlinger Str.","postalCode":"83317","locality":"Teisendorf","municipality":{"key":"09172134","name":"Teisendorf, M","type":"Markt"},"district":{"key":"09172","name":"Berchtesgadener Land","type":"Landkreis"},"federalState":{"key":"09","name":"Bayern"}},{"name":"Freilassinger Str.","postalCode":"83317","locality":"Teisendorf","municipality":{"key":"09172134","name":"Teisendorf, M","type":"Markt"},"district":{"key":"09172","name":"Berchtesgadener Land","type":"Landkreis"},"federalState":{"key":"09","name":"Bayern"}},{"name":"Frühlingstr.","postalCode":"83317","locality":"Teisendorf","municipality":{"key":"09172134","name":"Teisendorf, M","type":"Markt"},"district":{"key":"09172","name":"Berchtesgadener Land","type":"Landkreis"},"federalState":{"key":"09","name":"Bayern"}},{"name":"Gaisbergstr.","postalCode":"83317","locality":"Teisendorf","municipality":{"key":"09172134","name":"Teisendorf, M","type":"Markt"},"district":{"key":"09172","name":"Berchtesgadener Land","type":"Landkreis"},"federalState":{"key":"09","name":"Bayern"}},{"name":"Ganghoferstr.","postalCode":"83317","locality":"Teisendorf","municipality":{"key":"09172134","name":"Teisendorf, M","type":"Markt"},"district":{"key":"09172","name":"Berchtesgadener Land","type":"Landkreis"},"federalState":{"key":"09","name":"Bayern"}},{"name":"Gartenweg","postalCode":"83317","locality":"Teisendorf","municipality":{"key":"09172134","name":"Teisendorf, M","type":"Markt"},"district":{"key":"09172","name":"Berchtesgadener Land","type":"Landkreis"},"federalState":{"key":"09","name":"Bayern"}},{"name":"Gartenweg","postalCode":"83364","locality":"Teisendorf","municipality":{"key":"09172134","name":"Teisendorf, M","type":"Markt"},"district":{"key":"09172","name":"Berchtesgadener Land","type":"Landkreis"},"federalState":{"key":"09","name":"Bayern"}},{"name":"Georgweg","postalCode":"83317","locality":"Teisendorf","municipality":{"key":"09172134","name":"Teisendorf, M","type":"Markt"},"district":{"key":"09172","name":"Berchtesgadener Land","type":"Landkreis"},"federalState":{"key":"09","name":"Bayern"}},{"name":"Griesackerweg","postalCode":"83317","locality":"Teisendorf","municipality":{"key":"09172134","name":"Teisendorf, M","type":"Markt"},"district":{"key":"09172","name":"Berchtesgadener Land","type":"Landkreis"},"federalState":{"key":"09","name":"Bayern"}},{"name":"Hauptstr.","postalCode":"83317","locality":"Teisendorf","municipality":{"key":"09172134","name":"Teisendorf, M","type":"Markt"},"district":{"key":"09172","name":"Berchtesgadener Land","type":"Landkreis"},"federalState":{"key":"09","name":"Bayern"}},{"name":"Helming","postalCode":"83317","locality":"Teisendorf","municipality":{"key":"09172134","name":"Teisendorf, M","type":"Markt"},"district":{"key":"09172","name":"Berchtesgadener Land","type":"Landkreis"},"federalState":{"key":"09","name":"Bayern"}},{"name":"Hochfellnstr.","postalCode":"83317","locality":"Teisendorf","municipality":{"key":"09172134","name":"Teisendorf, M","type":"Markt"},"district":{"key":"09172","name":"Berchtesgadener Land","type":"Landkreis"},"federalState":{"key":"09","name":"Bayern"}},{"name":"Hochhorner Str.","postalCode":"83364","locality":"Teisendorf","municipality":{"key":"09172134","name":"Teisendorf, M","type":"Markt"},"district":{"key":"09172","name":"Berchtesgadener Land","type":"Landkreis"},"federalState":{"key":"09","name":"Bayern"}},{"name":"Hochstaufenstr.","postalCode":"83317","locality":"Teisendorf","municipality":{"key":"09172134","name":"Teisendorf, M","type":"Markt"},"district":{"key":"09172","name":"Berchtesgadener Land","type":"Landkreis"},"federalState":{"key":"09","name":"Bayern"}},{"name":"Hofbauernweg","postalCode":"83317","locality":"Teisendorf","municipality":{"key":"09172134","name":"Teisendorf, M","type":"Markt"},"district":{"key":"09172","name":"Berchtesgadener Land","type":"Landkreis"},"federalState":{"key":"09","name":"Bayern"}},{"name":"Höflergasse","postalCode":"83317","locality":"Teisendorf","municipality":{"key":"09172134","name":"Teisendorf, M","type":"Markt"},"district":{"key":"09172","name":"Berchtesgadener Land","type":"Landkreis"},"federalState":{"key":"09","name":"Bayern"}},{"name":"Höglstr.","postalCode":"83317","locality":"Teisendorf","municipality":{"key":"09172134","name":"Teisendorf, M","type":"Markt"},"district":{"key":"09172","name":"Berchtesgadener Land","type":"Landkreis"},"federalState":{"key":"09","name":"Bayern"}},{"name":"Holzfeld","postalCode":"83317","locality":"Teisendorf","municipality":{"key":"09172134","name":"Teisendorf, M","type":"Markt"},"district":{"key":"09172","name":"Berchtesgadener Land","type":"Landkreis"},"federalState":{"key":"09","name":"Bayern"}},{"name":"Holzhausener Str.","postalCode":"83317","locality":"Teisendorf","municipality":{"key":"09172134","name":"Teisendorf, M","type":"Markt"},"district":{"key":"09172","name":"Berchtesgadener Land","type":"Landkreis"},"federalState":{"key":"09","name":"Bayern"}},{"name":"Holzhauserstr.","postalCode":"83317","locality":"Teisendorf","municipality":{"key":"09172134","name":"Teisendorf, M","type":"Markt"},"district":{"key":"09172","name":"Berchtesgadener Land","type":"Landkreis"},"federalState":{"key":"09","name":"Bayern"}},{"name":"Im Untergrund","postalCode":"83317","locality":"Teisendorf","municipality":{"key":"09172134","name":"Teisendorf, M","type":"Markt"},"district":{"key":"09172","name":"Berchtesgadener Land","type":"Landkreis"},"federalState":{"key":"09","name":"Bayern"}},{"name":"In der Vogelau","postalCode":"83317","locality":"Teisendorf","municipality":{"key":"09172134","name":"Teisendorf, M","type":"Markt"},"district":{"key":"09172","name":"Berchtesgadener Land","type":"Landkreis"},"federalState":{"key":"09","name":"Bayern"}},{"name":"Industriestr.","postalCode":"83317","locality":"Teisendorf","municipality":{"key":"09172134","name":"Teisendorf, M","type":"Markt"},"district":{"key":"09172","name":"Berchtesgadener Land","type":"Landkreis"},"federalState":{"key":"09","name":"Bayern"}},{"name":"Jahnstr.","postalCode":"83317","locality":"Teisendorf","municipality":{"key":"09172134","name":"Teisendorf, M","type":"Markt"},"district":{"key":"09172","name":"Berchtesgadener Land","type":"Landkreis"},"federalState":{"key":"09","name":"Bayern"}},{"name":"Jahnstr.","postalCode":"83364","locality":"Teisendorf","municipality":{"key":"09172134","name":"Teisendorf, M","type":"Markt"},"district":{"key":"09172","name":"Berchtesgadener Land","type":"Landkreis"},"federalState":{"key":"09","name":"Bayern"}},{"name":"Kapellenland","postalCode":"83317","locality":"Teisendorf","municipality":{"key":"09172134","name":"Teisendorf, M","type":"Markt"},"district":{"key":"09172","name":"Berchtesgadener Land","type":"Landkreis"},"federalState":{"key":"09","name":"Bayern"}},{"name":"Kapellenweg","postalCode":"83317","locality":"Teisendorf","municipality":{"key":"09172134","name":"Teisendorf, M","type":"Markt"},"district":{"key":"09172","name":"Berchtesgadener Land","type":"Landkreis"},"federalState":{"key":"09","name":"Bayern"}},{"name":"Kiem-Pauli-Ring","postalCode":"83317","locality":"Teisendorf","municipality":{"key":"09172134","name":"Teisendorf, M","type":"Markt"},"district":{"key":"09172","name":"Berchtesgadener Land","type":"Landkreis"},"federalState":{"key":"09","name":"Bayern"}},{"name":"Kirchplatz","postalCode":"83364","locality":"Teisendorf","municipality":{"key":"09172134","name":"Teisendorf, M","type":"Markt"},"district":{"key":"09172","name":"Berchtesgadener Land","type":"Landkreis"},"federalState":{"key":"09","name":"Bayern"}},{"name":"Kirchweg","postalCode":"83317","locality":"Teisendorf","municipality":{"key":"09172134","name":"Teisendorf, M","type":"Markt"},"district":{"key":"09172","name":"Berchtesgadener Land","type":"Landkreis"},"federalState":{"key":"09","name":"Bayern"}},{"name":"Klosterweg","postalCode":"83317","locality":"Teisendorf","municipality":{"key":"09172134","name":"Teisendorf, M","type":"Markt"},"district":{"key":"09172","name":"Berchtesgadener Land","type":"Landkreis"},"federalState":{"key":"09","name":"Bayern"}},{"name":"Laufener Str.","postalCode":"83317","locality":"Teisendorf","municipality":{"key":"09172134","name":"Teisendorf, M","type":"Markt"},"district":{"key":"09172","name":"Berchtesgadener Land","type":"Landkreis"},"federalState":{"key":"09","name":"Bayern"}},{"name":"Leonhardistr.","postalCode":"83317","locality":"Teisendorf","municipality":{"key":"09172134","name":"Teisendorf, M","type":"Markt"},"district":{"key":"09172","name":"Berchtesgadener Land","type":"Landkreis"},"federalState":{"key":"09","name":"Bayern"}},{"name":"Lindenallee","postalCode":"83317","locality":"Teisendorf","municipality":{"key":"09172134","name":"Teisendorf, M","type":"Markt"},"district":{"key":"09172","name":"Berchtesgadener Land","type":"Landkreis"},"federalState":{"key":"09","name":"Bayern"}},{"name":"Lindenstr.","postalCode":"83317","locality":"Teisendorf","municipality":{"key":"09172134","name":"Teisendorf, M","type":"Markt"},"district":{"key":"09172","name":"Berchtesgadener Land","type":"Landkreis"},"federalState":{"key":"09","name":"Bayern"}},{"name":"Lindenweg","postalCode":"83317","locality":"Teisendorf","municipality":{"key":"09172134","name":"Teisendorf, M","type":"Markt"},"district":{"key":"09172","name":"Berchtesgadener Land","type":"Landkreis"},"federalState":{"key":"09","name":"Bayern"}},{"name":"Ludwig-Thoma-Str.","postalCode":"83317","locality":"Teisendorf","municipality":{"key":"09172134","name":"Teisendorf, M","type":"Markt"},"district":{"key":"09172","name":"Berchtesgadener Land","type":"Landkreis"},"federalState":{"key":"09","name":"Bayern"}},{"name":"Marktstr.","postalCode":"83317","locality":"Teisendorf","municipality":{"key":"09172134","name":"Teisendorf, M","type":"Markt"},"district":{"key":"09172","name":"Berchtesgadener Land","type":"Landkreis"},"federalState":{"key":"09","name":"Bayern"}},{"name":"Mathias- Kern- Str.","postalCode":"83317","locality":"Teisendorf","municipality":{"key":"09172134","name":"Teisendorf, M","type":"Markt"},"district":{"key":"09172","name":"Berchtesgadener Land","type":"Landkreis"},"federalState":{"key":"09","name":"Bayern"}},{"name":"Mehringer Weg","postalCode":"83317","locality":"Teisendorf","municipality":{"key":"09172134","name":"Teisendorf, M","type":"Markt"},"district":{"key":"09172","name":"Berchtesgadener Land","type":"Landkreis"},"federalState":{"key":"09","name":"Bayern"}},{"name":"Mitterweg","postalCode":"83364","locality":"Teisendorf","municipality":{"key":"09172134","name":"Teisendorf, M","type":"Markt"},"district":{"key":"09172","name":"Berchtesgadener Land","type":"Landkreis"},"federalState":{"key":"09","name":"Bayern"}},{"name":"Mittlerer Steig","postalCode":"83364","locality":"Teisendorf","municipality":{"key":"09172134","name":"Teisendorf, M","type":"Markt"},"district":{"key":"09172","name":"Berchtesgadener Land","type":"Landkreis"},"federalState":{"key":"09","name":"Bayern"}},{"name":"Mooshamer Weg","postalCode":"83317","locality":"Teisendorf","municipality":{"key":"09172134","name":"Teisendorf, M","type":"Markt"},"district":{"key":"09172","name":"Berchtesgadener Land","type":"Landkreis"},"federalState":{"key":"09","name":"Bayern"}},{"name":"Moosweg","postalCode":"83317","locality":"Teisendorf","municipality":{"key":"09172134","name":"Teisendorf, M","type":"Markt"},"district":{"key":"09172","name":"Berchtesgadener Land","type":"Landkreis"},"federalState":{"key":"09","name":"Bayern"}},{"name":"Mousonring","postalCode":"83317","locality":"Teisendorf","municipality":{"key":"09172134","name":"Teisendorf, M","type":"Markt"},"district":{"key":"09172","name":"Berchtesgadener Land","type":"Landkreis"},"federalState":{"key":"09","name":"Bayern"}},{"name":"Mühlweg","postalCode":"83317","locality":"Teisendorf","municipality":{"key":"09172134","name":"Teisendorf, M","type":"Markt"},"district":{"key":"09172","name":"Berchtesgadener Land","type":"Landkreis"},"federalState":{"key":"09","name":"Bayern"}},{"name":"Neukirchener Str.","postalCode":"83317","locality":"Teisendorf","municipality":{"key":"09172134","name":"Teisendorf, M","type":"Markt"},"district":{"key":"09172","name":"Berchtesgadener Land","type":"Landkreis"},"federalState":{"key":"09","name":"Bayern"}},{"name":"Nußbaumweg","postalCode":"83317","locality":"Teisendorf","municipality":{"key":"09172134","name":"Teisendorf, M","type":"Markt"},"district":{"key":"09172","name":"Berchtesgadener Land","type":"Landkreis"},"federalState":{"key":"09","name":"Bayern"}},{"name":"Oberer Steig","postalCode":"83317","locality":"Teisendorf","municipality":{"key":"09172134","name":"Teisendorf, M","type":"Markt"},"district":{"key":"09172","name":"Berchtesgadener Land","type":"Landkreis"},"federalState":{"key":"09","name":"Bayern"}},{"name":"Oberer Steig","postalCode":"83364","locality":"Teisendorf","municipality":{"key":"09172134","name":"Teisendorf, M","type":"Markt"},"district":{"key":"09172","name":"Berchtesgadener Land","type":"Landkreis"},"federalState":{"key":"09","name":"Bayern"}},{"name":"Oberwurzen","postalCode":"83364","locality":"Teisendorf","municipality":{"key":"09172134","name":"Teisendorf, M","type":"Markt"},"district":{"key":"09172","name":"Berchtesgadener Land","type":"Landkreis"},"federalState":{"key":"09","name":"Bayern"}},{"name":"Oed","postalCode":"83317","locality":"Teisendorf","municipality":{"key":"09172134","name":"Teisendorf, M","type":"Markt"},"district":{"key":"09172","name":"Berchtesgadener Land","type":"Landkreis"},"federalState":{"key":"09","name":"Bayern"}},{"name":"Pfarrer-Ellmann-Str.","postalCode":"83317","locality":"Teisendorf","municipality":{"key":"09172134","name":"Teisendorf, M","type":"Markt"},"district":{"key":"09172","name":"Berchtesgadener Land","type":"Landkreis"},"federalState":{"key":"09","name":"Bayern"}},{"name":"Pfarrer-Schwertfirm-Platz","postalCode":"83317","locality":"Teisendorf","municipality":{"key":"09172134","name":"Teisendorf, M","type":"Markt"},"district":{"key":"09172","name":"Berchtesgadener Land","type":"Landkreis"},"federalState":{"key":"09","name":"Bayern"}},{"name":"Pfarrhofweg","postalCode":"83364","locality":"Teisendorf","municipality":{"key":"09172134","name":"Teisendorf, M","type":"Markt"},"district":{"key":"09172","name":"Berchtesgadener Land","type":"Landkreis"},"federalState":{"key":"09","name":"Bayern"}},{"name":"Place de la Petite Creuse","postalCode":"83317","locality":"Teisendorf","municipality":{"key":"09172134","name":"Teisendorf, M","type":"Markt"},"district":{"key":"09172","name":"Berchtesgadener Land","type":"Landkreis"},"federalState":{"key":"09","name":"Bayern"}},{"name":"Pointner-Au","postalCode":"83364","locality":"Teisendorf","municipality":{"key":"09172134","name":"Teisendorf, M","type":"Markt"},"district":{"key":"09172","name":"Berchtesgadener Land","type":"Landkreis"},"federalState":{"key":"09","name":"Bayern"}},{"name":"Pointweg","postalCode":"83317","locality":"Teisendorf","municipality":{"key":"09172134","name":"Teisendorf, M","type":"Markt"},"district":{"key":"09172","name":"Berchtesgadener Land","type":"Landkreis"},"federalState":{"key":"09","name":"Bayern"}},{"name":"Poststr.","postalCode":"83317","locality":"Teisendorf","municipality":{"key":"09172134","name":"Teisendorf, M","type":"Markt"},"district":{"key":"09172","name":"Berchtesgadener Land","type":"Landkreis"},"federalState":{"key":"09","name":"Bayern"}},{"name":"Punschern","postalCode":"83317","locality":"Teisendorf","municipality":{"key":"09172134","name":"Teisendorf, M","type":"Markt"},"district":{"key":"09172","name":"Berchtesgadener Land","type":"Landkreis"},"federalState":{"key":"09","name":"Bayern"}},{"name":"Punschernstr.","postalCode":"83317","locality":"Teisendorf","municipality":{"key":"09172134","name":"Teisendorf, M","type":"Markt"},"district":{"key":"09172","name":"Berchtesgadener Land","type":"Landkreis"},"federalState":{"key":"09","name":"Bayern"}},{"name":"Raiffeisenstr.","postalCode":"83317","locality":"Teisendorf","municipality":{"key":"09172134","name":"Teisendorf, M","type":"Markt"},"district":{"key":"09172","name":"Berchtesgadener Land","type":"Landkreis"},"federalState":{"key":"09","name":"Bayern"}},{"name":"Rainerfeld","postalCode":"83364","locality":"Teisendorf","municipality":{"key":"09172134","name":"Teisendorf, M","type":"Markt"},"district":{"key":"09172","name":"Berchtesgadener Land","type":"Landkreis"},"federalState":{"key":"09","name":"Bayern"}},{"name":"Raschenbergstr.","postalCode":"83317","locality":"Teisendorf","municipality":{"key":"09172134","name":"Teisendorf, M","type":"Markt"},"district":{"key":"09172","name":"Berchtesgadener Land","type":"Landkreis"},"federalState":{"key":"09","name":"Bayern"}},{"name":"Rathaus-Passage","postalCode":"83317","locality":"Teisendorf","municipality":{"key":"09172134","name":"Teisendorf, M","type":"Markt"},"district":{"key":"09172","name":"Berchtesgadener Land","type":"Landkreis"},"federalState":{"key":"09","name":"Bayern"}},{"name":"Rathausweg","postalCode":"83317","locality":"Teisendorf","municipality":{"key":"09172134","name":"Teisendorf, M","type":"Markt"},"district":{"key":"09172","name":"Berchtesgadener Land","type":"Landkreis"},"federalState":{"key":"09","name":"Bayern"}},{"name":"Rotkreuzweg","postalCode":"83317","locality":"Teisendorf","municipality":{"key":"09172134","name":"Teisendorf, M","type":"Markt"},"district":{"key":"09172","name":"Berchtesgadener Land","type":"Landkreis"},"federalState":{"key":"09","name":"Bayern"}},{"name":"Rupertiweg","postalCode":"83317","locality":"Teisendorf","municipality":{"key":"09172134","name":"Teisendorf, M","type":"Markt"},"district":{"key":"09172","name":"Berchtesgadener Land","type":"Landkreis"},"federalState":{"key":"09","name":"Bayern"}},{"name":"Rupertusplatz","postalCode":"83317","locality":"Teisendorf","municipality":{"key":"09172134","name":"Teisendorf, M","type":"Markt"},"district":{"key":"09172","name":"Berchtesgadener Land","type":"Landkreis"},"federalState":{"key":"09","name":"Bayern"}},{"name":"Rupertusstr.","postalCode":"83317","locality":"Teisendorf","municipality":{"key":"09172134","name":"Teisendorf, M","type":"Markt"},"district":{"key":"09172","name":"Berchtesgadener Land","type":"Landkreis"},"federalState":{"key":"09","name":"Bayern"}},{"name":"Schaidinger Str.","postalCode":"83317","locality":"Teisendorf","municipality":{"key":"09172134","name":"Teisendorf, M","type":"Markt"},"district":{"key":"09172","name":"Berchtesgadener Land","type":"Landkreis"},"federalState":{"key":"09","name":"Bayern"}},{"name":"Schettler Bogen","postalCode":"83317","locality":"Teisendorf","municipality":{"key":"09172134","name":"Teisendorf, M","type":"Markt"},"district":{"key":"09172","name":"Berchtesgadener Land","type":"Landkreis"},"federalState":{"key":"09","name":"Bayern"}},{"name":"Schlesienstr.","postalCode":"83317","locality":"Teisendorf","municipality":{"key":"09172134","name":"Teisendorf, M","type":"Markt"},"district":{"key":"09172","name":"Berchtesgadener Land","type":"Landkreis"},"federalState":{"key":"09","name":"Bayern"}},{"name":"Schloßweg","postalCode":"83317","locality":"Teisendorf","municipality":{"key":"09172134","name":"Teisendorf, M","type":"Markt"},"district":{"key":"09172","name":"Berchtesgadener Land","type":"Landkreis"},"federalState":{"key":"09","name":"Bayern"}},{"name":"Schödling","postalCode":"83317","locality":"Teisendorf","municipality":{"key":"09172134","name":"Teisendorf, M","type":"Markt"},"district":{"key":"09172","name":"Berchtesgadener Land","type":"Landkreis"},"federalState":{"key":"09","name":"Bayern"}},{"name":"Schulstr.","postalCode":"83317","locality":"Teisendorf","municipality":{"key":"09172134","name":"Teisendorf, M","type":"Markt"},"district":{"key":"09172","name":"Berchtesgadener Land","type":"Landkreis"},"federalState":{"key":"09","name":"Bayern"}},{"name":"Schulweg","postalCode":"83317","locality":"Teisendorf","municipality":{"key":"09172134","name":"Teisendorf, M","type":"Markt"},"district":{"key":"09172","name":"Berchtesgadener Land","type":"Landkreis"},"federalState":{"key":"09","name":"Bayern"}},{"name":"Schützenstr.","postalCode":"83317","locality":"Teisendorf","municipality":{"key":"09172134","name":"Teisendorf, M","type":"Markt"},"district":{"key":"09172","name":"Berchtesgadener Land","type":"Landkreis"},"federalState":{"key":"09","name":"Bayern"}},{"name":"Schwarzenberger Weg","postalCode":"83364","locality":"Teisendorf","municipality":{"key":"09172134","name":"Teisendorf, M","type":"Markt"},"district":{"key":"09172","name":"Berchtesgadener Land","type":"Landkreis"},"federalState":{"key":"09","name":"Bayern"}},{"name":"Siegsdorfer Str.","postalCode":"83364","locality":"Teisendorf","municipality":{"key":"09172134","name":"Teisendorf, M","type":"Markt"},"district":{"key":"09172","name":"Berchtesgadener Land","type":"Landkreis"},"federalState":{"key":"09","name":"Bayern"}},{"name":"Sollinger Str.","postalCode":"83317","locality":"Teisendorf","municipality":{"key":"09172134","name":"Teisendorf, M","type":"Markt"},"district":{"key":"09172","name":"Berchtesgadener Land","type":"Landkreis"},"federalState":{"key":"09","name":"Bayern"}},{"name":"Sommerweg","postalCode":"83317","locality":"Teisendorf","municipality":{"key":"09172134","name":"Teisendorf, M","type":"Markt"},"district":{"key":"09172","name":"Berchtesgadener Land","type":"Landkreis"},"federalState":{"key":"09","name":"Bayern"}},{"name":"Sparkassenpassage","postalCode":"83317","locality":"Teisendorf","municipality":{"key":"09172134","name":"Teisendorf, M","type":"Markt"},"district":{"key":"09172","name":"Berchtesgadener Land","type":"Landkreis"},"federalState":{"key":"09","name":"Bayern"}},{"name":"St.-Anna-Str.","postalCode":"83317","locality":"Teisendorf","municipality":{"key":"09172134","name":"Teisendorf, M","type":"Markt"},"district":{"key":"09172","name":"Berchtesgadener Land","type":"Landkreis"},"federalState":{"key":"09","name":"Bayern"}},{"name":"Stecherweg","postalCode":"83317","locality":"Teisendorf","municipality":{"key":"09172134","name":"Teisendorf, M","type":"Markt"},"district":{"key":"09172","name":"Berchtesgadener Land","type":"Landkreis"},"federalState":{"key":"09","name":"Bayern"}},{"name":"Steinwenderstr.","postalCode":"83317","locality":"Teisendorf","municipality":{"key":"09172134","name":"Teisendorf, M","type":"Markt"},"district":{"key":"09172","name":"Berchtesgadener Land","type":"Landkreis"},"federalState":{"key":"09","name":"Bayern"}},{"name":"Stettener Weg","postalCode":"83317","locality":"Teisendorf","municipality":{"key":"09172134","name":"Teisendorf, M","type":"Markt"},"district":{"key":"09172","name":"Berchtesgadener Land","type":"Landkreis"},"federalState":{"key":"09","name":"Bayern"}},{"name":"St.-Georg-Str.","postalCode":"83317","locality":"Teisendorf","municipality":{"key":"09172134","name":"Teisendorf, M","type":"Markt"},"district":{"key":"09172","name":"Berchtesgadener Land","type":"Landkreis"},"federalState":{"key":"09","name":"Bayern"}},{"name":"Streiblweg","postalCode":"83317","locality":"Teisendorf","municipality":{"key":"09172134","name":"Teisendorf, M","type":"Markt"},"district":{"key":"09172","name":"Berchtesgadener Land","type":"Landkreis"},"federalState":{"key":"09","name":"Bayern"}},{"name":"St.-Ulrich-Str.","postalCode":"83364","locality":"Teisendorf","municipality":{"key":"09172134","name":"Teisendorf, M","type":"Markt"},"district":{"key":"09172","name":"Berchtesgadener Land","type":"Landkreis"},"federalState":{"key":"09","name":"Bayern"}},{"name":"Sudetenlandstr.","postalCode":"83317","locality":"Teisendorf","municipality":{"key":"09172134","name":"Teisendorf, M","type":"Markt"},"district":{"key":"09172","name":"Berchtesgadener Land","type":"Landkreis"},"federalState":{"key":"09","name":"Bayern"}},{"name":"Surweg","postalCode":"83317","locality":"Teisendorf","municipality":{"key":"09172134","name":"Teisendorf, M","type":"Markt"},"district":{"key":"09172","name":"Berchtesgadener Land","type":"Landkreis"},"federalState":{"key":"09","name":"Bayern"}},{"name":"Teisenbergstr.","postalCode":"83317","locality":"Teisendorf","municipality":{"key":"09172134","name":"Teisendorf, M","type":"Markt"},"district":{"key":"09172","name":"Berchtesgadener Land","type":"Landkreis"},"federalState":{"key":"09","name":"Bayern"}},{"name":"Teisendorfer Str.","postalCode":"83317","locality":"Teisendorf","municipality":{"key":"09172134","name":"Teisendorf, M","type":"Markt"},"district":{"key":"09172","name":"Berchtesgadener Land","type":"Landkreis"},"federalState":{"key":"09","name":"Bayern"}},{"name":"Teisendorfer Str.","postalCode":"83364","locality":"Teisendorf","municipality":{"key":"09172134","name":"Teisendorf, M","type":"Markt"},"district":{"key":"09172","name":"Berchtesgadener Land","type":"Landkreis"},"federalState":{"key":"09","name":"Bayern"}},{"name":"Thumberg","postalCode":"83317","locality":"Teisendorf","municipality":{"key":"09172134","name":"Teisendorf, M","type":"Markt"},"district":{"key":"09172","name":"Berchtesgadener Land","type":"Landkreis"},"federalState":{"key":"09","name":"Bayern"}},{"name":"Thumbergweg","postalCode":"83317","locality":"Teisendorf","municipality":{"key":"09172134","name":"Teisendorf, M","type":"Markt"},"district":{"key":"09172","name":"Berchtesgadener Land","type":"Landkreis"},"federalState":{"key":"09","name":"Bayern"}},{"name":"Tiefenthalstr.","postalCode":"83317","locality":"Teisendorf","municipality":{"key":"09172134","name":"Teisendorf, M","type":"Markt"},"district":{"key":"09172","name":"Berchtesgadener Land","type":"Landkreis"},"federalState":{"key":"09","name":"Bayern"}},{"name":"Traunsteiner Str.","postalCode":"83317","locality":"Teisendorf","municipality":{"key":"09172134","name":"Teisendorf, M","type":"Markt"},"district":{"key":"09172","name":"Berchtesgadener Land","type":"Landkreis"},"federalState":{"key":"09","name":"Bayern"}},{"name":"Untersbergstr.","postalCode":"83317","locality":"Teisendorf","municipality":{"key":"09172134","name":"Teisendorf, M","type":"Markt"},"district":{"key":"09172","name":"Berchtesgadener Land","type":"Landkreis"},"federalState":{"key":"09","name":"Bayern"}},{"name":"Verschönerungsweg","postalCode":"83317","locality":"Teisendorf","municipality":{"key":"09172134","name":"Teisendorf, M","type":"Markt"},"district":{"key":"09172","name":"Berchtesgadener Land","type":"Landkreis"},"federalState":{"key":"09","name":"Bayern"}},{"name":"Viaduktweg","postalCode":"83317","locality":"Teisendorf","municipality":{"key":"09172134","name":"Teisendorf, M","type":"Markt"},"district":{"key":"09172","name":"Berchtesgadener Land","type":"Landkreis"},"federalState":{"key":"09","name":"Bayern"}},{"name":"Virgilweg","postalCode":"83317","locality":"Teisendorf","municipality":{"key":"09172134","name":"Teisendorf, M","type":"Markt"},"district":{"key":"09172","name":"Berchtesgadener Land","type":"Landkreis"},"federalState":{"key":"09","name":"Bayern"}},{"name":"Waginger Str.","postalCode":"83317","locality":"Teisendorf","municipality":{"key":"09172134","name":"Teisendorf, M","type":"Markt"},"district":{"key":"09172","name":"Berchtesgadener Land","type":"Landkreis"},"federalState":{"key":"09","name":"Bayern"}},{"name":"Waldweg","postalCode":"83364","locality":"Teisendorf","municipality":{"key":"09172134","name":"Teisendorf, M","type":"Markt"},"district":{"key":"09172","name":"Berchtesgadener Land","type":"Landkreis"},"federalState":{"key":"09","name":"Bayern"}},{"name":"Waschau","postalCode":"83317","locality":"Teisendorf","municipality":{"key":"09172134","name":"Teisendorf, M","type":"Markt"},"district":{"key":"09172","name":"Berchtesgadener Land","type":"Landkreis"},"federalState":{"key":"09","name":"Bayern"}},{"name":"Weidacherfeld","postalCode":"83317","locality":"Teisendorf","municipality":{"key":"09172134","name":"Teisendorf, M","type":"Markt"},"district":{"key":"09172","name":"Berchtesgadener Land","type":"Landkreis"},"federalState":{"key":"09","name":"Bayern"}},{"name":"Wimmerer Str.","postalCode":"83317","locality":"Teisendorf","municipality":{"key":"09172134","name":"Teisendorf, M","type":"Markt"},"district":{"key":"09172","name":"Berchtesgadener Land","type":"Landkreis"},"federalState":{"key":"09","name":"Bayern"}},{"name":"Zwieselstr.","postalCode":"83317","locality":"Teisendorf","municipality":{"key":"09172134","name":"Teisendorf, M","type":"Markt"},"district":{"key":"09172","name":"Berchtesgadener Land","type":"Landkreis"},"federalState":{"key":"09","name":"Bayern"}},]