[{"key":"10010684","name":"Aennetlauenen","postalCode":"6083","locality":"Hasliberg Hohfluh","commune":{"key":"783","name":"Hasliberg","shortName":"Hasliberg"},"district":{"key":"250","name":"Verwaltungskreis Interlaken-Oberhasli"},"canton":{"key":"2","code":"BE","name":"Bern / Berne"},"status":"Real"},{"key":"10058154","name":"Ahoren","postalCode":"6083","locality":"Hasliberg Hohfluh","commune":{"key":"783","name":"Hasliberg","shortName":"Hasliberg"},"district":{"key":"250","name":"Verwaltungskreis Interlaken-Oberhasli"},"canton":{"key":"2","code":"BE","name":"Bern / Berne"},"status":"Real"},{"key":"10217851","name":"Alpbachbort","postalCode":"6085","locality":"Hasliberg Goldern","commune":{"key":"783","name":"Hasliberg","shortName":"Hasliberg"},"district":{"key":"250","name":"Verwaltungskreis Interlaken-Oberhasli"},"canton":{"key":"2","code":"BE","name":"Bern / Berne"},"status":"Real"},{"key":"10010817","name":"Altefärrich","postalCode":"6084","locality":"Hasliberg Wasserwendi","commune":{"key":"783","name":"Hasliberg","shortName":"Hasliberg"},"district":{"key":"250","name":"Verwaltungskreis Interlaken-Oberhasli"},"canton":{"key":"2","code":"BE","name":"Bern / Berne"},"status":"Real"},{"key":"10106726","name":"Altenschwendi","postalCode":"6083","locality":"Hasliberg Hohfluh","commune":{"key":"783","name":"Hasliberg","shortName":"Hasliberg"},"district":{"key":"250","name":"Verwaltungskreis Interlaken-Oberhasli"},"canton":{"key":"2","code":"BE","name":"Bern / Berne"},"status":"Real"},{"key":"10217854","name":"Arnetsbiel","postalCode":"6083","locality":"Hasliberg Hohfluh","commune":{"key":"783","name":"Hasliberg","shortName":"Hasliberg"},"district":{"key":"250","name":"Verwaltungskreis Interlaken-Oberhasli"},"canton":{"key":"2","code":"BE","name":"Bern / Berne"},"status":"Real"},{"key":"10217858","name":"Bach","postalCode":"6085","locality":"Hasliberg Goldern","commune":{"key":"783","name":"Hasliberg","shortName":"Hasliberg"},"district":{"key":"250","name":"Verwaltungskreis Interlaken-Oberhasli"},"canton":{"key":"2","code":"BE","name":"Bern / Berne"},"status":"Real"},{"key":"10127410","name":"Balisalp","postalCode":"6084","locality":"Hasliberg Wasserwendi","commune":{"key":"783","name":"Hasliberg","shortName":"Hasliberg"},"district":{"key":"250","name":"Verwaltungskreis Interlaken-Oberhasli"},"canton":{"key":"2","code":"BE","name":"Bern / Berne"},"status":"Real"},{"key":"10210721","name":"Balmi","postalCode":"6083","locality":"Hasliberg Hohfluh","commune":{"key":"783","name":"Hasliberg","shortName":"Hasliberg"},"district":{"key":"250","name":"Verwaltungskreis Interlaken-Oberhasli"},"canton":{"key":"2","code":"BE","name":"Bern / Berne"},"status":"Real"},{"key":"10058155","name":"Balmiweid","postalCode":"6083","locality":"Hasliberg Hohfluh","commune":{"key":"783","name":"Hasliberg","shortName":"Hasliberg"},"district":{"key":"250","name":"Verwaltungskreis Interlaken-Oberhasli"},"canton":{"key":"2","code":"BE","name":"Bern / Berne"},"status":"Real"},{"key":"10111266","name":"Bärengaden","postalCode":"6084","locality":"Hasliberg Wasserwendi","commune":{"key":"783","name":"Hasliberg","shortName":"Hasliberg"},"district":{"key":"250","name":"Verwaltungskreis Interlaken-Oberhasli"},"canton":{"key":"2","code":"BE","name":"Bern / Berne"},"status":"Real"},{"key":"10058158","name":"Bärgen","postalCode":"6084","locality":"Hasliberg Wasserwendi","commune":{"key":"783","name":"Hasliberg","shortName":"Hasliberg"},"district":{"key":"250","name":"Verwaltungskreis Interlaken-Oberhasli"},"canton":{"key":"2","code":"BE","name":"Bern / Berne"},"status":"Real"},{"key":"10217862","name":"Bättlerbalm","postalCode":"6083","locality":"Hasliberg Hohfluh","commune":{"key":"783","name":"Hasliberg","shortName":"Hasliberg"},"district":{"key":"250","name":"Verwaltungskreis Interlaken-Oberhasli"},"canton":{"key":"2","code":"BE","name":"Bern / Berne"},"status":"Real"},{"key":"10217866","name":"Baumgarten","postalCode":"6086","locality":"Hasliberg Reuti","commune":{"key":"783","name":"Hasliberg","shortName":"Hasliberg"},"district":{"key":"250","name":"Verwaltungskreis Interlaken-Oberhasli"},"canton":{"key":"2","code":"BE","name":"Bern / Berne"},"status":"Real"},{"key":"10010710","name":"Bidmi","postalCode":"6084","locality":"Hasliberg Wasserwendi","commune":{"key":"783","name":"Hasliberg","shortName":"Hasliberg"},"district":{"key":"250","name":"Verwaltungskreis Interlaken-Oberhasli"},"canton":{"key":"2","code":"BE","name":"Bern / Berne"},"status":"Real"},{"key":"10010688","name":"Bieli","postalCode":"6083","locality":"Hasliberg Hohfluh","commune":{"key":"783","name":"Hasliberg","shortName":"Hasliberg"},"district":{"key":"250","name":"Verwaltungskreis Interlaken-Oberhasli"},"canton":{"key":"2","code":"BE","name":"Bern / Berne"},"status":"Real"},{"key":"10010686","name":"Biitifluh","postalCode":"6083","locality":"Hasliberg Hohfluh","commune":{"key":"783","name":"Hasliberg","shortName":"Hasliberg"},"district":{"key":"250","name":"Verwaltungskreis Interlaken-Oberhasli"},"canton":{"key":"2","code":"BE","name":"Bern / Berne"},"status":"Real"},{"key":"10010687","name":"Birchegg","postalCode":"6083","locality":"Hasliberg Hohfluh","commune":{"key":"783","name":"Hasliberg","shortName":"Hasliberg"},"district":{"key":"250","name":"Verwaltungskreis Interlaken-Oberhasli"},"canton":{"key":"2","code":"BE","name":"Bern / Berne"},"status":"Real"},{"key":"10216682","name":"Blatten","postalCode":"6083","locality":"Hasliberg Hohfluh","commune":{"key":"783","name":"Hasliberg","shortName":"Hasliberg"},"district":{"key":"250","name":"Verwaltungskreis Interlaken-Oberhasli"},"canton":{"key":"2","code":"BE","name":"Bern / Berne"},"status":"Real"},{"key":"10242859","name":"Blatti","postalCode":"6083","locality":"Hasliberg Hohfluh","commune":{"key":"783","name":"Hasliberg","shortName":"Hasliberg"},"district":{"key":"250","name":"Verwaltungskreis Interlaken-Oberhasli"},"canton":{"key":"2","code":"BE","name":"Bern / Berne"},"status":"Real"},{"key":"10242814","name":"Blatti","postalCode":"6085","locality":"Hasliberg Goldern","commune":{"key":"783","name":"Hasliberg","shortName":"Hasliberg"},"district":{"key":"250","name":"Verwaltungskreis Interlaken-Oberhasli"},"canton":{"key":"2","code":"BE","name":"Bern / Berne"},"status":"Real"},{"key":"10242818","name":"Blatti","postalCode":"6086","locality":"Hasliberg Reuti","commune":{"key":"783","name":"Hasliberg","shortName":"Hasliberg"},"district":{"key":"250","name":"Verwaltungskreis Interlaken-Oberhasli"},"canton":{"key":"2","code":"BE","name":"Bern / Berne"},"status":"Real"},{"key":"10216685","name":"Bodemli","postalCode":"6083","locality":"Hasliberg Hohfluh","commune":{"key":"783","name":"Hasliberg","shortName":"Hasliberg"},"district":{"key":"250","name":"Verwaltungskreis Interlaken-Oberhasli"},"canton":{"key":"2","code":"BE","name":"Bern / Berne"},"status":"Real"},{"key":"10058156","name":"Boden","postalCode":"6086","locality":"Hasliberg Reuti","commune":{"key":"783","name":"Hasliberg","shortName":"Hasliberg"},"district":{"key":"250","name":"Verwaltungskreis Interlaken-Oberhasli"},"canton":{"key":"2","code":"BE","name":"Bern / Berne"},"status":"Real"},{"key":"10220879","name":"Bodenacher","postalCode":"6084","locality":"Hasliberg Wasserwendi","commune":{"key":"783","name":"Hasliberg","shortName":"Hasliberg"},"district":{"key":"250","name":"Verwaltungskreis Interlaken-Oberhasli"},"canton":{"key":"2","code":"BE","name":"Bern / Berne"},"status":"Real"},{"key":"10171859","name":"Bort","postalCode":"6084","locality":"Hasliberg Wasserwendi","commune":{"key":"783","name":"Hasliberg","shortName":"Hasliberg"},"district":{"key":"250","name":"Verwaltungskreis Interlaken-Oberhasli"},"canton":{"key":"2","code":"BE","name":"Bern / Berne"},"status":"Real"},{"key":"10010711","name":"Bortli","postalCode":"6085","locality":"Hasliberg Goldern","commune":{"key":"783","name":"Hasliberg","shortName":"Hasliberg"},"district":{"key":"250","name":"Verwaltungskreis Interlaken-Oberhasli"},"canton":{"key":"2","code":"BE","name":"Bern / Berne"},"status":"Real"},{"key":"10010720","name":"Brauen","postalCode":"6086","locality":"Hasliberg Reuti","commune":{"key":"783","name":"Hasliberg","shortName":"Hasliberg"},"district":{"key":"250","name":"Verwaltungskreis Interlaken-Oberhasli"},"canton":{"key":"2","code":"BE","name":"Bern / Berne"},"status":"Real"},{"key":"10089244","name":"Breitenacher","postalCode":"6083","locality":"Hasliberg Hohfluh","commune":{"key":"783","name":"Hasliberg","shortName":"Hasliberg"},"district":{"key":"250","name":"Verwaltungskreis Interlaken-Oberhasli"},"canton":{"key":"2","code":"BE","name":"Bern / Berne"},"status":"Real"},{"key":"10058157","name":"Breitmoos","postalCode":"6085","locality":"Hasliberg Goldern","commune":{"key":"783","name":"Hasliberg","shortName":"Hasliberg"},"district":{"key":"250","name":"Verwaltungskreis Interlaken-Oberhasli"},"canton":{"key":"2","code":"BE","name":"Bern / Berne"},"status":"Real"},{"key":"10210722","name":"Brend","postalCode":"6086","locality":"Hasliberg Reuti","commune":{"key":"783","name":"Hasliberg","shortName":"Hasliberg"},"district":{"key":"250","name":"Verwaltungskreis Interlaken-Oberhasli"},"canton":{"key":"2","code":"BE","name":"Bern / Berne"},"status":"Real"},{"key":"10216692","name":"Brich","postalCode":"6084","locality":"Hasliberg Wasserwendi","commune":{"key":"783","name":"Hasliberg","shortName":"Hasliberg"},"district":{"key":"250","name":"Verwaltungskreis Interlaken-Oberhasli"},"canton":{"key":"2","code":"BE","name":"Bern / Berne"},"status":"Real"},{"key":"10089253","name":"Briinigstein","postalCode":"6086","locality":"Hasliberg Reuti","commune":{"key":"783","name":"Hasliberg","shortName":"Hasliberg"},"district":{"key":"250","name":"Verwaltungskreis Interlaken-Oberhasli"},"canton":{"key":"2","code":"BE","name":"Bern / Berne"},"status":"Real"},{"key":"10242757","name":"Brunni","postalCode":"6084","locality":"Hasliberg Wasserwendi","commune":{"key":"783","name":"Hasliberg","shortName":"Hasliberg"},"district":{"key":"250","name":"Verwaltungskreis Interlaken-Oberhasli"},"canton":{"key":"2","code":"BE","name":"Bern / Berne"},"status":"Real"},{"key":"10242753","name":"Brunni","postalCode":"6086","locality":"Hasliberg Reuti","commune":{"key":"783","name":"Hasliberg","shortName":"Hasliberg"},"district":{"key":"250","name":"Verwaltungskreis Interlaken-Oberhasli"},"canton":{"key":"2","code":"BE","name":"Bern / Berne"},"status":"Real"},{"key":"10106732","name":"Bühlen","postalCode":"6086","locality":"Hasliberg Reuti","commune":{"key":"783","name":"Hasliberg","shortName":"Hasliberg"},"district":{"key":"250","name":"Verwaltungskreis Interlaken-Oberhasli"},"canton":{"key":"2","code":"BE","name":"Bern / Berne"},"status":"Real"},{"key":"10010689","name":"Chrachiweid","postalCode":"6083","locality":"Hasliberg Hohfluh","commune":{"key":"783","name":"Hasliberg","shortName":"Hasliberg"},"district":{"key":"250","name":"Verwaltungskreis Interlaken-Oberhasli"},"canton":{"key":"2","code":"BE","name":"Bern / Berne"},"status":"Real"},{"key":"10256466","name":"Chräjeren","postalCode":"6086","locality":"Hasliberg Reuti","commune":{"key":"783","name":"Hasliberg","shortName":"Hasliberg"},"district":{"key":"250","name":"Verwaltungskreis Interlaken-Oberhasli"},"canton":{"key":"2","code":"BE","name":"Bern / Berne"},"status":"Real"},{"key":"10143271","name":"Chropf","postalCode":"6086","locality":"Hasliberg Reuti","commune":{"key":"783","name":"Hasliberg","shortName":"Hasliberg"},"district":{"key":"250","name":"Verwaltungskreis Interlaken-Oberhasli"},"canton":{"key":"2","code":"BE","name":"Bern / Berne"},"status":"Real"},{"key":"10010721","name":"Därnisfluh","postalCode":"6086","locality":"Hasliberg Reuti","commune":{"key":"783","name":"Hasliberg","shortName":"Hasliberg"},"district":{"key":"250","name":"Verwaltungskreis Interlaken-Oberhasli"},"canton":{"key":"2","code":"BE","name":"Bern / Berne"},"status":"Real"},{"key":"10242847","name":"Dorf","postalCode":"6083","locality":"Hasliberg Hohfluh","commune":{"key":"783","name":"Hasliberg","shortName":"Hasliberg"},"district":{"key":"250","name":"Verwaltungskreis Interlaken-Oberhasli"},"canton":{"key":"2","code":"BE","name":"Bern / Berne"},"status":"Real"},{"key":"10242843","name":"Dorf","postalCode":"6084","locality":"Hasliberg Wasserwendi","commune":{"key":"783","name":"Hasliberg","shortName":"Hasliberg"},"district":{"key":"250","name":"Verwaltungskreis Interlaken-Oberhasli"},"canton":{"key":"2","code":"BE","name":"Bern / Berne"},"status":"Real"},{"key":"10242839","name":"Dorf","postalCode":"6085","locality":"Hasliberg Goldern","commune":{"key":"783","name":"Hasliberg","shortName":"Hasliberg"},"district":{"key":"250","name":"Verwaltungskreis Interlaken-Oberhasli"},"canton":{"key":"2","code":"BE","name":"Bern / Berne"},"status":"Real"},{"key":"10089252","name":"Dornen","postalCode":"6085","locality":"Hasliberg Goldern","commune":{"key":"783","name":"Hasliberg","shortName":"Hasliberg"},"district":{"key":"250","name":"Verwaltungskreis Interlaken-Oberhasli"},"canton":{"key":"2","code":"BE","name":"Bern / Berne"},"status":"Real"},{"key":"10242742","name":"Egg","postalCode":"6083","locality":"Hasliberg Hohfluh","commune":{"key":"783","name":"Hasliberg","shortName":"Hasliberg"},"district":{"key":"250","name":"Verwaltungskreis Interlaken-Oberhasli"},"canton":{"key":"2","code":"BE","name":"Bern / Berne"},"status":"Real"},{"key":"10242732","name":"Egg","postalCode":"6084","locality":"Hasliberg Wasserwendi","commune":{"key":"783","name":"Hasliberg","shortName":"Hasliberg"},"district":{"key":"250","name":"Verwaltungskreis Interlaken-Oberhasli"},"canton":{"key":"2","code":"BE","name":"Bern / Berne"},"status":"Real"},{"key":"10060988","name":"Eggacher","postalCode":"6085","locality":"Hasliberg Goldern","commune":{"key":"783","name":"Hasliberg","shortName":"Hasliberg"},"district":{"key":"250","name":"Verwaltungskreis Interlaken-Oberhasli"},"canton":{"key":"2","code":"BE","name":"Bern / Berne"},"status":"Real"},{"key":"10216696","name":"Eggli","postalCode":"6086","locality":"Hasliberg Reuti","commune":{"key":"783","name":"Hasliberg","shortName":"Hasliberg"},"district":{"key":"250","name":"Verwaltungskreis Interlaken-Oberhasli"},"canton":{"key":"2","code":"BE","name":"Bern / Berne"},"status":"Real"},{"key":"10010722","name":"Eigen","postalCode":"6086","locality":"Hasliberg Reuti","commune":{"key":"783","name":"Hasliberg","shortName":"Hasliberg"},"district":{"key":"250","name":"Verwaltungskreis Interlaken-Oberhasli"},"canton":{"key":"2","code":"BE","name":"Bern / Berne"},"status":"Real"},{"key":"10111268","name":"Engi","postalCode":"6086","locality":"Hasliberg Reuti","commune":{"key":"783","name":"Hasliberg","shortName":"Hasliberg"},"district":{"key":"250","name":"Verwaltungskreis Interlaken-Oberhasli"},"canton":{"key":"2","code":"BE","name":"Bern / Berne"},"status":"Real"},{"key":"10216700","name":"Erdbruch","postalCode":"6085","locality":"Hasliberg Goldern","commune":{"key":"783","name":"Hasliberg","shortName":"Hasliberg"},"district":{"key":"250","name":"Verwaltungskreis Interlaken-Oberhasli"},"canton":{"key":"2","code":"BE","name":"Bern / Berne"},"status":"Real"},{"key":"10159291","name":"Erlimad","postalCode":"6084","locality":"Hasliberg Wasserwendi","commune":{"key":"783","name":"Hasliberg","shortName":"Hasliberg"},"district":{"key":"250","name":"Verwaltungskreis Interlaken-Oberhasli"},"canton":{"key":"2","code":"BE","name":"Bern / Berne"},"status":"Real"},{"key":"10150756","name":"Eschboden","postalCode":"6086","locality":"Hasliberg Reuti","commune":{"key":"783","name":"Hasliberg","shortName":"Hasliberg"},"district":{"key":"250","name":"Verwaltungskreis Interlaken-Oberhasli"},"canton":{"key":"2","code":"BE","name":"Bern / Berne"},"status":"Real"},{"key":"10010712","name":"Essihalten","postalCode":"6085","locality":"Hasliberg Goldern","commune":{"key":"783","name":"Hasliberg","shortName":"Hasliberg"},"district":{"key":"250","name":"Verwaltungskreis Interlaken-Oberhasli"},"canton":{"key":"2","code":"BE","name":"Bern / Berne"},"status":"Real"},{"key":"10123317","name":"Ethaus","postalCode":"6086","locality":"Hasliberg Reuti","commune":{"key":"783","name":"Hasliberg","shortName":"Hasliberg"},"district":{"key":"250","name":"Verwaltungskreis Interlaken-Oberhasli"},"canton":{"key":"2","code":"BE","name":"Bern / Berne"},"status":"Real"},{"key":"10125236","name":"Ey","postalCode":"6086","locality":"Hasliberg Reuti","commune":{"key":"783","name":"Hasliberg","shortName":"Hasliberg"},"district":{"key":"250","name":"Verwaltungskreis Interlaken-Oberhasli"},"canton":{"key":"2","code":"BE","name":"Bern / Berne"},"status":"Real"},{"key":"10216704","name":"Fiisterenboden","postalCode":"6086","locality":"Hasliberg Reuti","commune":{"key":"783","name":"Hasliberg","shortName":"Hasliberg"},"district":{"key":"250","name":"Verwaltungskreis Interlaken-Oberhasli"},"canton":{"key":"2","code":"BE","name":"Bern / Berne"},"status":"Real"},{"key":"10216708","name":"Fluh","postalCode":"6085","locality":"Hasliberg Goldern","commune":{"key":"783","name":"Hasliberg","shortName":"Hasliberg"},"district":{"key":"250","name":"Verwaltungskreis Interlaken-Oberhasli"},"canton":{"key":"2","code":"BE","name":"Bern / Berne"},"status":"Real"},{"key":"10188861","name":"Fruttli","postalCode":"6083","locality":"Hasliberg Hohfluh","commune":{"key":"783","name":"Hasliberg","shortName":"Hasliberg"},"district":{"key":"250","name":"Verwaltungskreis Interlaken-Oberhasli"},"canton":{"key":"2","code":"BE","name":"Bern / Berne"},"status":"Real"},{"key":"10242765","name":"Furi","postalCode":"6084","locality":"Hasliberg Wasserwendi","commune":{"key":"783","name":"Hasliberg","shortName":"Hasliberg"},"district":{"key":"250","name":"Verwaltungskreis Interlaken-Oberhasli"},"canton":{"key":"2","code":"BE","name":"Bern / Berne"},"status":"Real"},{"key":"10242761","name":"Furi","postalCode":"6086","locality":"Hasliberg Reuti","commune":{"key":"783","name":"Hasliberg","shortName":"Hasliberg"},"district":{"key":"250","name":"Verwaltungskreis Interlaken-Oberhasli"},"canton":{"key":"2","code":"BE","name":"Bern / Berne"},"status":"Real"},{"key":"10217906","name":"Furt","postalCode":"6085","locality":"Hasliberg Goldern","commune":{"key":"783","name":"Hasliberg","shortName":"Hasliberg"},"district":{"key":"250","name":"Verwaltungskreis Interlaken-Oberhasli"},"canton":{"key":"2","code":"BE","name":"Bern / Berne"},"status":"Real"},{"key":"10217910","name":"Gadmen","postalCode":"6083","locality":"Hasliberg Hohfluh","commune":{"key":"783","name":"Hasliberg","shortName":"Hasliberg"},"district":{"key":"250","name":"Verwaltungskreis Interlaken-Oberhasli"},"canton":{"key":"2","code":"BE","name":"Bern / Berne"},"status":"Real"},{"key":"10010693","name":"Gässli","postalCode":"6085","locality":"Hasliberg Goldern","commune":{"key":"783","name":"Hasliberg","shortName":"Hasliberg"},"district":{"key":"250","name":"Verwaltungskreis Interlaken-Oberhasli"},"canton":{"key":"2","code":"BE","name":"Bern / Berne"},"status":"Real"},{"key":"10089245","name":"Geisschiir","postalCode":"6083","locality":"Hasliberg Hohfluh","commune":{"key":"783","name":"Hasliberg","shortName":"Hasliberg"},"district":{"key":"250","name":"Verwaltungskreis Interlaken-Oberhasli"},"canton":{"key":"2","code":"BE","name":"Bern / Berne"},"status":"Real"},{"key":"10089254","name":"Gerbi","postalCode":"6086","locality":"Hasliberg Reuti","commune":{"key":"783","name":"Hasliberg","shortName":"Hasliberg"},"district":{"key":"250","name":"Verwaltungskreis Interlaken-Oberhasli"},"canton":{"key":"2","code":"BE","name":"Bern / Berne"},"status":"Real"},{"key":"10199754","name":"Gertlisboden","postalCode":"6083","locality":"Hasliberg Hohfluh","commune":{"key":"783","name":"Hasliberg","shortName":"Hasliberg"},"district":{"key":"250","name":"Verwaltungskreis Interlaken-Oberhasli"},"canton":{"key":"2","code":"BE","name":"Bern / Berne"},"status":"Real"},{"key":"10058159","name":"Gigli","postalCode":"6084","locality":"Hasliberg Wasserwendi","commune":{"key":"783","name":"Hasliberg","shortName":"Hasliberg"},"district":{"key":"250","name":"Verwaltungskreis Interlaken-Oberhasli"},"canton":{"key":"2","code":"BE","name":"Bern / Berne"},"status":"Real"},{"key":"10220910","name":"Glaservorsess","postalCode":"6084","locality":"Hasliberg Wasserwendi","commune":{"key":"783","name":"Hasliberg","shortName":"Hasliberg"},"district":{"key":"250","name":"Verwaltungskreis Interlaken-Oberhasli"},"canton":{"key":"2","code":"BE","name":"Bern / Berne"},"status":"Real"},{"key":"10256469","name":"Glogghüs","postalCode":"6084","locality":"Hasliberg Wasserwendi","commune":{"key":"783","name":"Hasliberg","shortName":"Hasliberg"},"district":{"key":"250","name":"Verwaltungskreis Interlaken-Oberhasli"},"canton":{"key":"2","code":"BE","name":"Bern / Berne"},"status":"Real"},{"key":"10010723","name":"Glunten","postalCode":"6086","locality":"Hasliberg Reuti","commune":{"key":"783","name":"Hasliberg","shortName":"Hasliberg"},"district":{"key":"250","name":"Verwaltungskreis Interlaken-Oberhasli"},"canton":{"key":"2","code":"BE","name":"Bern / Berne"},"status":"Real"},{"key":"10106731","name":"Gmeindi","postalCode":"6085","locality":"Hasliberg Goldern","commune":{"key":"783","name":"Hasliberg","shortName":"Hasliberg"},"district":{"key":"250","name":"Verwaltungskreis Interlaken-Oberhasli"},"canton":{"key":"2","code":"BE","name":"Bern / Berne"},"status":"Real"},{"key":"10220914","name":"Gmeinmedri","postalCode":"6084","locality":"Hasliberg Wasserwendi","commune":{"key":"783","name":"Hasliberg","shortName":"Hasliberg"},"district":{"key":"250","name":"Verwaltungskreis Interlaken-Oberhasli"},"canton":{"key":"2","code":"BE","name":"Bern / Berne"},"status":"Real"},{"key":"10058160","name":"Gmeis","postalCode":"6083","locality":"Hasliberg Hohfluh","commune":{"key":"783","name":"Hasliberg","shortName":"Hasliberg"},"district":{"key":"250","name":"Verwaltungskreis Interlaken-Oberhasli"},"canton":{"key":"2","code":"BE","name":"Bern / Berne"},"status":"Real"},{"key":"10010724","name":"Gnippen","postalCode":"6086","locality":"Hasliberg Reuti","commune":{"key":"783","name":"Hasliberg","shortName":"Hasliberg"},"district":{"key":"250","name":"Verwaltungskreis Interlaken-Oberhasli"},"canton":{"key":"2","code":"BE","name":"Bern / Berne"},"status":"Real"},{"key":"10010725","name":"Gofer","postalCode":"6086","locality":"Hasliberg Reuti","commune":{"key":"783","name":"Hasliberg","shortName":"Hasliberg"},"district":{"key":"250","name":"Verwaltungskreis Interlaken-Oberhasli"},"canton":{"key":"2","code":"BE","name":"Bern / Berne"},"status":"Real"},{"key":"10060989","name":"Golderbühl","postalCode":"6085","locality":"Hasliberg Goldern","commune":{"key":"783","name":"Hasliberg","shortName":"Hasliberg"},"district":{"key":"250","name":"Verwaltungskreis Interlaken-Oberhasli"},"canton":{"key":"2","code":"BE","name":"Bern / Berne"},"status":"Real"},{"key":"10089255","name":"Gräbli","postalCode":"6086","locality":"Hasliberg Reuti","commune":{"key":"783","name":"Hasliberg","shortName":"Hasliberg"},"district":{"key":"250","name":"Verwaltungskreis Interlaken-Oberhasli"},"canton":{"key":"2","code":"BE","name":"Bern / Berne"},"status":"Real"},{"key":"10217923","name":"Grini","postalCode":"6086","locality":"Hasliberg Reuti","commune":{"key":"783","name":"Hasliberg","shortName":"Hasliberg"},"district":{"key":"250","name":"Verwaltungskreis Interlaken-Oberhasli"},"canton":{"key":"2","code":"BE","name":"Bern / Berne"},"status":"Real"},{"key":"10217928","name":"Grossenstein","postalCode":"6085","locality":"Hasliberg Goldern","commune":{"key":"783","name":"Hasliberg","shortName":"Hasliberg"},"district":{"key":"250","name":"Verwaltungskreis Interlaken-Oberhasli"},"canton":{"key":"2","code":"BE","name":"Bern / Berne"},"status":"Real"},{"key":"10242861","name":"Grubi","postalCode":"6084","locality":"Hasliberg Wasserwendi","commune":{"key":"783","name":"Hasliberg","shortName":"Hasliberg"},"district":{"key":"250","name":"Verwaltungskreis Interlaken-Oberhasli"},"canton":{"key":"2","code":"BE","name":"Bern / Berne"},"status":"Real"},{"key":"10242857","name":"Grubi","postalCode":"6086","locality":"Hasliberg Reuti","commune":{"key":"783","name":"Hasliberg","shortName":"Hasliberg"},"district":{"key":"250","name":"Verwaltungskreis Interlaken-Oberhasli"},"canton":{"key":"2","code":"BE","name":"Bern / Berne"},"status":"Real"},{"key":"10127409","name":"Gschliechti","postalCode":"6085","locality":"Hasliberg Goldern","commune":{"key":"783","name":"Hasliberg","shortName":"Hasliberg"},"district":{"key":"250","name":"Verwaltungskreis Interlaken-Oberhasli"},"canton":{"key":"2","code":"BE","name":"Bern / Berne"},"status":"Real"},{"key":"10143144","name":"Gummen","postalCode":"6086","locality":"Hasliberg Reuti","commune":{"key":"783","name":"Hasliberg","shortName":"Hasliberg"},"district":{"key":"250","name":"Verwaltungskreis Interlaken-Oberhasli"},"canton":{"key":"2","code":"BE","name":"Bern / Berne"},"status":"Real"},{"key":"10217932","name":"Gwiggi","postalCode":"6086","locality":"Hasliberg Reuti","commune":{"key":"783","name":"Hasliberg","shortName":"Hasliberg"},"district":{"key":"250","name":"Verwaltungskreis Interlaken-Oberhasli"},"canton":{"key":"2","code":"BE","name":"Bern / Berne"},"status":"Real"},{"key":"10217936","name":"Hääggen","postalCode":"6084","locality":"Hasliberg Wasserwendi","commune":{"key":"783","name":"Hasliberg","shortName":"Hasliberg"},"district":{"key":"250","name":"Verwaltungskreis Interlaken-Oberhasli"},"canton":{"key":"2","code":"BE","name":"Bern / Berne"},"status":"Real"},{"key":"10010706","name":"Hag","postalCode":"6084","locality":"Hasliberg Wasserwendi","commune":{"key":"783","name":"Hasliberg","shortName":"Hasliberg"},"district":{"key":"250","name":"Verwaltungskreis Interlaken-Oberhasli"},"canton":{"key":"2","code":"BE","name":"Bern / Berne"},"status":"Real"},{"key":"10170919","name":"Halgenfluh","postalCode":"6083","locality":"Hasliberg Hohfluh","commune":{"key":"783","name":"Hasliberg","shortName":"Hasliberg"},"district":{"key":"250","name":"Verwaltungskreis Interlaken-Oberhasli"},"canton":{"key":"2","code":"BE","name":"Bern / Berne"},"status":"Real"},{"key":"10126883","name":"Halmersmad","postalCode":"6084","locality":"Hasliberg Wasserwendi","commune":{"key":"783","name":"Hasliberg","shortName":"Hasliberg"},"district":{"key":"250","name":"Verwaltungskreis Interlaken-Oberhasli"},"canton":{"key":"2","code":"BE","name":"Bern / Berne"},"status":"Real"},{"key":"10106730","name":"Halti","postalCode":"6084","locality":"Hasliberg Wasserwendi","commune":{"key":"783","name":"Hasliberg","shortName":"Hasliberg"},"district":{"key":"250","name":"Verwaltungskreis Interlaken-Oberhasli"},"canton":{"key":"2","code":"BE","name":"Bern / Berne"},"status":"Real"},{"key":"10058162","name":"Haselholz","postalCode":"6086","locality":"Hasliberg Reuti","commune":{"key":"783","name":"Hasliberg","shortName":"Hasliberg"},"district":{"key":"250","name":"Verwaltungskreis Interlaken-Oberhasli"},"canton":{"key":"2","code":"BE","name":"Bern / Berne"},"status":"Real"},{"key":"10217940","name":"Hinderarni","postalCode":"6086","locality":"Hasliberg Reuti","commune":{"key":"783","name":"Hasliberg","shortName":"Hasliberg"},"district":{"key":"250","name":"Verwaltungskreis Interlaken-Oberhasli"},"canton":{"key":"2","code":"BE","name":"Bern / Berne"},"status":"Real"},{"key":"10195083","name":"Hindertschuggi","postalCode":"6084","locality":"Hasliberg Wasserwendi","commune":{"key":"783","name":"Hasliberg","shortName":"Hasliberg"},"district":{"key":"250","name":"Verwaltungskreis Interlaken-Oberhasli"},"canton":{"key":"2","code":"BE","name":"Bern / Berne"},"status":"Real"},{"key":"10217942","name":"Hinter der Egg","postalCode":"6083","locality":"Hasliberg Hohfluh","commune":{"key":"783","name":"Hasliberg","shortName":"Hasliberg"},"district":{"key":"250","name":"Verwaltungskreis Interlaken-Oberhasli"},"canton":{"key":"2","code":"BE","name":"Bern / Berne"},"status":"Real"},{"key":"10256463","name":"Hochsträss","postalCode":"6084","locality":"Hasliberg Wasserwendi","commune":{"key":"783","name":"Hasliberg","shortName":"Hasliberg"},"district":{"key":"250","name":"Verwaltungskreis Interlaken-Oberhasli"},"canton":{"key":"2","code":"BE","name":"Bern / Berne"},"status":"Real"},{"key":"10242851","name":"Hofstatt","postalCode":"6085","locality":"Hasliberg Goldern","commune":{"key":"783","name":"Hasliberg","shortName":"Hasliberg"},"district":{"key":"250","name":"Verwaltungskreis Interlaken-Oberhasli"},"canton":{"key":"2","code":"BE","name":"Bern / Berne"},"status":"Real"},{"key":"10242855","name":"Hofstatt","postalCode":"6086","locality":"Hasliberg Reuti","commune":{"key":"783","name":"Hasliberg","shortName":"Hasliberg"},"district":{"key":"250","name":"Verwaltungskreis Interlaken-Oberhasli"},"canton":{"key":"2","code":"BE","name":"Bern / Berne"},"status":"Real"},{"key":"10089249","name":"Holiboimi","postalCode":"6084","locality":"Hasliberg Wasserwendi","commune":{"key":"783","name":"Hasliberg","shortName":"Hasliberg"},"district":{"key":"250","name":"Verwaltungskreis Interlaken-Oberhasli"},"canton":{"key":"2","code":"BE","name":"Bern / Berne"},"status":"Real"},{"key":"10128989","name":"Jutenbühl","postalCode":"6086","locality":"Hasliberg Reuti","commune":{"key":"783","name":"Hasliberg","shortName":"Hasliberg"},"district":{"key":"250","name":"Verwaltungskreis Interlaken-Oberhasli"},"canton":{"key":"2","code":"BE","name":"Bern / Berne"},"status":"Real"},{"key":"10192301","name":"Käserstatt","postalCode":"6084","locality":"Hasliberg Wasserwendi","commune":{"key":"783","name":"Hasliberg","shortName":"Hasliberg"},"district":{"key":"250","name":"Verwaltungskreis Interlaken-Oberhasli"},"canton":{"key":"2","code":"BE","name":"Bern / Berne"},"status":"Real"},{"key":"10256465","name":"Laass","postalCode":"6086","locality":"Hasliberg Reuti","commune":{"key":"783","name":"Hasliberg","shortName":"Hasliberg"},"district":{"key":"250","name":"Verwaltungskreis Interlaken-Oberhasli"},"canton":{"key":"2","code":"BE","name":"Bern / Berne"},"status":"Real"},{"key":"10217946","name":"Lachen","postalCode":"6083","locality":"Hasliberg Hohfluh","commune":{"key":"783","name":"Hasliberg","shortName":"Hasliberg"},"district":{"key":"250","name":"Verwaltungskreis Interlaken-Oberhasli"},"canton":{"key":"2","code":"BE","name":"Bern / Berne"},"status":"Real"},{"key":"10111264","name":"Laueli","postalCode":"6083","locality":"Hasliberg Hohfluh","commune":{"key":"783","name":"Hasliberg","shortName":"Hasliberg"},"district":{"key":"250","name":"Verwaltungskreis Interlaken-Oberhasli"},"canton":{"key":"2","code":"BE","name":"Bern / Berne"},"status":"Real"},{"key":"10058164","name":"Lauenen","postalCode":"6086","locality":"Hasliberg Reuti","commune":{"key":"783","name":"Hasliberg","shortName":"Hasliberg"},"district":{"key":"250","name":"Verwaltungskreis Interlaken-Oberhasli"},"canton":{"key":"2","code":"BE","name":"Bern / Berne"},"status":"Real"},{"key":"10242791","name":"Lehn","postalCode":"6083","locality":"Hasliberg Hohfluh","commune":{"key":"783","name":"Hasliberg","shortName":"Hasliberg"},"district":{"key":"250","name":"Verwaltungskreis Interlaken-Oberhasli"},"canton":{"key":"2","code":"BE","name":"Bern / Berne"},"status":"Real"},{"key":"10242787","name":"Lehn","postalCode":"6085","locality":"Hasliberg Goldern","commune":{"key":"783","name":"Hasliberg","shortName":"Hasliberg"},"district":{"key":"250","name":"Verwaltungskreis Interlaken-Oberhasli"},"canton":{"key":"2","code":"BE","name":"Bern / Berne"},"status":"Real"},{"key":"10217950","name":"Lengentannen","postalCode":"6086","locality":"Hasliberg Reuti","commune":{"key":"783","name":"Hasliberg","shortName":"Hasliberg"},"district":{"key":"250","name":"Verwaltungskreis Interlaken-Oberhasli"},"canton":{"key":"2","code":"BE","name":"Bern / Berne"},"status":"Real"},{"key":"10187261","name":"Lindeli","postalCode":"6086","locality":"Hasliberg Reuti","commune":{"key":"783","name":"Hasliberg","shortName":"Hasliberg"},"district":{"key":"250","name":"Verwaltungskreis Interlaken-Oberhasli"},"canton":{"key":"2","code":"BE","name":"Bern / Berne"},"status":"Real"},{"key":"10216750","name":"Lischen","postalCode":"6084","locality":"Hasliberg Wasserwendi","commune":{"key":"783","name":"Hasliberg","shortName":"Hasliberg"},"district":{"key":"250","name":"Verwaltungskreis Interlaken-Oberhasli"},"canton":{"key":"2","code":"BE","name":"Bern / Berne"},"status":"Real"},{"key":"10104101","name":"Liss","postalCode":"6084","locality":"Hasliberg Wasserwendi","commune":{"key":"783","name":"Hasliberg","shortName":"Hasliberg"},"district":{"key":"250","name":"Verwaltungskreis Interlaken-Oberhasli"},"canton":{"key":"2","code":"BE","name":"Bern / Berne"},"status":"Real"},{"key":"10256462","name":"Loch","postalCode":"6086","locality":"Hasliberg Reuti","commune":{"key":"783","name":"Hasliberg","shortName":"Hasliberg"},"district":{"key":"250","name":"Verwaltungskreis Interlaken-Oberhasli"},"canton":{"key":"2","code":"BE","name":"Bern / Berne"},"status":"Real"},{"key":"10010728","name":"Lucher","postalCode":"6086","locality":"Hasliberg Reuti","commune":{"key":"783","name":"Hasliberg","shortName":"Hasliberg"},"district":{"key":"250","name":"Verwaltungskreis Interlaken-Oberhasli"},"canton":{"key":"2","code":"BE","name":"Bern / Berne"},"status":"Real"},{"key":"10218302","name":"Mad","postalCode":"6086","locality":"Hasliberg Reuti","commune":{"key":"783","name":"Hasliberg","shortName":"Hasliberg"},"district":{"key":"250","name":"Verwaltungskreis Interlaken-Oberhasli"},"canton":{"key":"2","code":"BE","name":"Bern / Berne"},"status":"Real"},{"key":"10010729","name":"Mägisalp","postalCode":"6084","locality":"Hasliberg Wasserwendi","commune":{"key":"783","name":"Hasliberg","shortName":"Hasliberg"},"district":{"key":"250","name":"Verwaltungskreis Interlaken-Oberhasli"},"canton":{"key":"2","code":"BE","name":"Bern / Berne"},"status":"Real"},{"key":"10010714","name":"Mätteli","postalCode":"6085","locality":"Hasliberg Goldern","commune":{"key":"783","name":"Hasliberg","shortName":"Hasliberg"},"district":{"key":"250","name":"Verwaltungskreis Interlaken-Oberhasli"},"canton":{"key":"2","code":"BE","name":"Bern / Berne"},"status":"Real"},{"key":"10256471","name":"Melchen","postalCode":"6084","locality":"Hasliberg Wasserwendi","commune":{"key":"783","name":"Hasliberg","shortName":"Hasliberg"},"district":{"key":"250","name":"Verwaltungskreis Interlaken-Oberhasli"},"canton":{"key":"2","code":"BE","name":"Bern / Berne"},"status":"Real"},{"key":"10216759","name":"Mennhit","postalCode":"6083","locality":"Hasliberg Hohfluh","commune":{"key":"783","name":"Hasliberg","shortName":"Hasliberg"},"district":{"key":"250","name":"Verwaltungskreis Interlaken-Oberhasli"},"canton":{"key":"2","code":"BE","name":"Bern / Berne"},"status":"Real"},{"key":"10256464","name":"Mosbielen","postalCode":"6086","locality":"Hasliberg Reuti","commune":{"key":"783","name":"Hasliberg","shortName":"Hasliberg"},"district":{"key":"250","name":"Verwaltungskreis Interlaken-Oberhasli"},"canton":{"key":"2","code":"BE","name":"Bern / Berne"},"status":"Real"},{"key":"10010715","name":"Mühle","postalCode":"6085","locality":"Hasliberg Goldern","commune":{"key":"783","name":"Hasliberg","shortName":"Hasliberg"},"district":{"key":"250","name":"Verwaltungskreis Interlaken-Oberhasli"},"canton":{"key":"2","code":"BE","name":"Bern / Berne"},"status":"Real"},{"key":"10058165","name":"Nassenblatten","postalCode":"6086","locality":"Hasliberg Reuti","commune":{"key":"783","name":"Hasliberg","shortName":"Hasliberg"},"district":{"key":"250","name":"Verwaltungskreis Interlaken-Oberhasli"},"canton":{"key":"2","code":"BE","name":"Bern / Berne"},"status":"Real"},{"key":"10216767","name":"Nesselboden","postalCode":"6083","locality":"Hasliberg Hohfluh","commune":{"key":"783","name":"Hasliberg","shortName":"Hasliberg"},"district":{"key":"250","name":"Verwaltungskreis Interlaken-Oberhasli"},"canton":{"key":"2","code":"BE","name":"Bern / Berne"},"status":"Real"},{"key":"10216771","name":"Nessligen","postalCode":"6086","locality":"Hasliberg Reuti","commune":{"key":"783","name":"Hasliberg","shortName":"Hasliberg"},"district":{"key":"250","name":"Verwaltungskreis Interlaken-Oberhasli"},"canton":{"key":"2","code":"BE","name":"Bern / Berne"},"status":"Real"},{"key":"10216774","name":"Niderschwendi","postalCode":"6083","locality":"Hasliberg Hohfluh","commune":{"key":"783","name":"Hasliberg","shortName":"Hasliberg"},"district":{"key":"250","name":"Verwaltungskreis Interlaken-Oberhasli"},"canton":{"key":"2","code":"BE","name":"Bern / Berne"},"status":"Real"},{"key":"10242826","name":"Obenbühl","postalCode":"6083","locality":"Hasliberg Hohfluh","commune":{"key":"783","name":"Hasliberg","shortName":"Hasliberg"},"district":{"key":"250","name":"Verwaltungskreis Interlaken-Oberhasli"},"canton":{"key":"2","code":"BE","name":"Bern / Berne"},"status":"Real"},{"key":"10242822","name":"Obenbühl","postalCode":"6085","locality":"Hasliberg Goldern","commune":{"key":"783","name":"Hasliberg","shortName":"Hasliberg"},"district":{"key":"250","name":"Verwaltungskreis Interlaken-Oberhasli"},"canton":{"key":"2","code":"BE","name":"Bern / Berne"},"status":"Real"},{"key":"10058166","name":"Obendorf","postalCode":"6083","locality":"Hasliberg Hohfluh","commune":{"key":"783","name":"Hasliberg","shortName":"Hasliberg"},"district":{"key":"250","name":"Verwaltungskreis Interlaken-Oberhasli"},"canton":{"key":"2","code":"BE","name":"Bern / Berne"},"status":"Real"},{"key":"10256468","name":"Oberarni","postalCode":"6086","locality":"Hasliberg Reuti","commune":{"key":"783","name":"Hasliberg","shortName":"Hasliberg"},"district":{"key":"250","name":"Verwaltungskreis Interlaken-Oberhasli"},"canton":{"key":"2","code":"BE","name":"Bern / Berne"},"status":"Real"},{"key":"10216779","name":"Oberboden","postalCode":"6084","locality":"Hasliberg Wasserwendi","commune":{"key":"783","name":"Hasliberg","shortName":"Hasliberg"},"district":{"key":"250","name":"Verwaltungskreis Interlaken-Oberhasli"},"canton":{"key":"2","code":"BE","name":"Bern / Berne"},"status":"Real"},{"key":"10134460","name":"Oberegg","postalCode":"6086","locality":"Hasliberg Reuti","commune":{"key":"783","name":"Hasliberg","shortName":"Hasliberg"},"district":{"key":"250","name":"Verwaltungskreis Interlaken-Oberhasli"},"canton":{"key":"2","code":"BE","name":"Bern / Berne"},"status":"Real"},{"key":"10120445","name":"Obererli","postalCode":"6083","locality":"Hasliberg Hohfluh","commune":{"key":"783","name":"Hasliberg","shortName":"Hasliberg"},"district":{"key":"250","name":"Verwaltungskreis Interlaken-Oberhasli"},"canton":{"key":"2","code":"BE","name":"Bern / Berne"},"status":"Real"},{"key":"10191892","name":"Obere Weisstanne","postalCode":"6084","locality":"Hasliberg Wasserwendi","commune":{"key":"783","name":"Hasliberg","shortName":"Hasliberg"},"district":{"key":"250","name":"Verwaltungskreis Interlaken-Oberhasli"},"canton":{"key":"2","code":"BE","name":"Bern / Berne"},"status":"Real"},{"key":"10256467","name":"Ober Gummen","postalCode":"6086","locality":"Hasliberg Reuti","commune":{"key":"783","name":"Hasliberg","shortName":"Hasliberg"},"district":{"key":"250","name":"Verwaltungskreis Interlaken-Oberhasli"},"canton":{"key":"2","code":"BE","name":"Bern / Berne"},"status":"Real"},{"key":"10058167","name":"Oberhiisri","postalCode":"6084","locality":"Hasliberg Wasserwendi","commune":{"key":"783","name":"Hasliberg","shortName":"Hasliberg"},"district":{"key":"250","name":"Verwaltungskreis Interlaken-Oberhasli"},"canton":{"key":"2","code":"BE","name":"Bern / Berne"},"status":"Real"},{"key":"10176748","name":"Oberschwendi","postalCode":"6083","locality":"Hasliberg Hohfluh","commune":{"key":"783","name":"Hasliberg","shortName":"Hasliberg"},"district":{"key":"250","name":"Verwaltungskreis Interlaken-Oberhasli"},"canton":{"key":"2","code":"BE","name":"Bern / Berne"},"status":"Real"},{"key":"10058827","name":"Oberwald","postalCode":"6084","locality":"Hasliberg Wasserwendi","commune":{"key":"783","name":"Hasliberg","shortName":"Hasliberg"},"district":{"key":"250","name":"Verwaltungskreis Interlaken-Oberhasli"},"canton":{"key":"2","code":"BE","name":"Bern / Berne"},"status":"Real"},{"key":"10216783","name":"Oppersgaden","postalCode":"6084","locality":"Hasliberg Wasserwendi","commune":{"key":"783","name":"Hasliberg","shortName":"Hasliberg"},"district":{"key":"250","name":"Verwaltungskreis Interlaken-Oberhasli"},"canton":{"key":"2","code":"BE","name":"Bern / Berne"},"status":"Real"},{"key":"10216786","name":"Ottenhalten","postalCode":"6084","locality":"Hasliberg Wasserwendi","commune":{"key":"783","name":"Hasliberg","shortName":"Hasliberg"},"district":{"key":"250","name":"Verwaltungskreis Interlaken-Oberhasli"},"canton":{"key":"2","code":"BE","name":"Bern / Berne"},"status":"Real"},{"key":"10060991","name":"Planplatten","postalCode":"6084","locality":"Hasliberg Wasserwendi","commune":{"key":"783","name":"Hasliberg","shortName":"Hasliberg"},"district":{"key":"250","name":"Verwaltungskreis Interlaken-Oberhasli"},"canton":{"key":"2","code":"BE","name":"Bern / Berne"},"status":"Real"},{"key":"10134461","name":"Pryschti","postalCode":"6084","locality":"Hasliberg Wasserwendi","commune":{"key":"783","name":"Hasliberg","shortName":"Hasliberg"},"district":{"key":"250","name":"Verwaltungskreis Interlaken-Oberhasli"},"canton":{"key":"2","code":"BE","name":"Bern / Berne"},"status":"Real"},{"key":"10089250","name":"Rägeler","postalCode":"6084","locality":"Hasliberg Wasserwendi","commune":{"key":"783","name":"Hasliberg","shortName":"Hasliberg"},"district":{"key":"250","name":"Verwaltungskreis Interlaken-Oberhasli"},"canton":{"key":"2","code":"BE","name":"Bern / Berne"},"status":"Real"},{"key":"10192299","name":"Rauft","postalCode":"6083","locality":"Hasliberg Hohfluh","commune":{"key":"783","name":"Hasliberg","shortName":"Hasliberg"},"district":{"key":"250","name":"Verwaltungskreis Interlaken-Oberhasli"},"canton":{"key":"2","code":"BE","name":"Bern / Berne"},"status":"Real"},{"key":"10125237","name":"Resti","postalCode":"6086","locality":"Hasliberg Reuti","commune":{"key":"783","name":"Hasliberg","shortName":"Hasliberg"},"district":{"key":"250","name":"Verwaltungskreis Interlaken-Oberhasli"},"canton":{"key":"2","code":"BE","name":"Bern / Berne"},"status":"Real"},{"key":"10216790","name":"Riebgarti","postalCode":"6086","locality":"Hasliberg Reuti","commune":{"key":"783","name":"Hasliberg","shortName":"Hasliberg"},"district":{"key":"250","name":"Verwaltungskreis Interlaken-Oberhasli"},"canton":{"key":"2","code":"BE","name":"Bern / Berne"},"status":"Real"},{"key":"10216795","name":"Riiteli","postalCode":"6083","locality":"Hasliberg Hohfluh","commune":{"key":"783","name":"Hasliberg","shortName":"Hasliberg"},"district":{"key":"250","name":"Verwaltungskreis Interlaken-Oberhasli"},"canton":{"key":"2","code":"BE","name":"Bern / Berne"},"status":"Real"},{"key":"10164484","name":"Rufenen","postalCode":"6086","locality":"Hasliberg Reuti","commune":{"key":"783","name":"Hasliberg","shortName":"Hasliberg"},"district":{"key":"250","name":"Verwaltungskreis Interlaken-Oberhasli"},"canton":{"key":"2","code":"BE","name":"Bern / Berne"},"status":"Real"},{"key":"10216800","name":"Saass","postalCode":"6084","locality":"Hasliberg Wasserwendi","commune":{"key":"783","name":"Hasliberg","shortName":"Hasliberg"},"district":{"key":"250","name":"Verwaltungskreis Interlaken-Oberhasli"},"canton":{"key":"2","code":"BE","name":"Bern / Berne"},"status":"Real"},{"key":"10010730","name":"Säge","postalCode":"6086","locality":"Hasliberg Reuti","commune":{"key":"783","name":"Hasliberg","shortName":"Hasliberg"},"district":{"key":"250","name":"Verwaltungskreis Interlaken-Oberhasli"},"canton":{"key":"2","code":"BE","name":"Bern / Berne"},"status":"Real"},{"key":"10010696","name":"Sagenacher","postalCode":"6083","locality":"Hasliberg Hohfluh","commune":{"key":"783","name":"Hasliberg","shortName":"Hasliberg"},"district":{"key":"250","name":"Verwaltungskreis Interlaken-Oberhasli"},"canton":{"key":"2","code":"BE","name":"Bern / Berne"},"status":"Real"},{"key":"10060990","name":"Sandhubel","postalCode":"6085","locality":"Hasliberg Goldern","commune":{"key":"783","name":"Hasliberg","shortName":"Hasliberg"},"district":{"key":"250","name":"Verwaltungskreis Interlaken-Oberhasli"},"canton":{"key":"2","code":"BE","name":"Bern / Berne"},"status":"Real"},{"key":"10058828","name":"Sattel","postalCode":"6083","locality":"Hasliberg Hohfluh","commune":{"key":"783","name":"Hasliberg","shortName":"Hasliberg"},"district":{"key":"250","name":"Verwaltungskreis Interlaken-Oberhasli"},"canton":{"key":"2","code":"BE","name":"Bern / Berne"},"status":"Real"},{"key":"10191430","name":"Schäri","postalCode":"6084","locality":"Hasliberg Wasserwendi","commune":{"key":"783","name":"Hasliberg","shortName":"Hasliberg"},"district":{"key":"250","name":"Verwaltungskreis Interlaken-Oberhasli"},"canton":{"key":"2","code":"BE","name":"Bern / Berne"},"status":"Real"},{"key":"10125235","name":"Schaufli","postalCode":"6083","locality":"Hasliberg Hohfluh","commune":{"key":"783","name":"Hasliberg","shortName":"Hasliberg"},"district":{"key":"250","name":"Verwaltungskreis Interlaken-Oberhasli"},"canton":{"key":"2","code":"BE","name":"Bern / Berne"},"status":"Real"},{"key":"10181730","name":"Schiir","postalCode":"6084","locality":"Hasliberg Wasserwendi","commune":{"key":"783","name":"Hasliberg","shortName":"Hasliberg"},"district":{"key":"250","name":"Verwaltungskreis Interlaken-Oberhasli"},"canton":{"key":"2","code":"BE","name":"Bern / Berne"},"status":"Real"},{"key":"10216804","name":"Schitziboden","postalCode":"6086","locality":"Hasliberg Reuti","commune":{"key":"783","name":"Hasliberg","shortName":"Hasliberg"},"district":{"key":"250","name":"Verwaltungskreis Interlaken-Oberhasli"},"canton":{"key":"2","code":"BE","name":"Bern / Berne"},"status":"Real"},{"key":"10256461","name":"Schlafbielen","postalCode":"6086","locality":"Hasliberg Reuti","commune":{"key":"783","name":"Hasliberg","shortName":"Hasliberg"},"district":{"key":"250","name":"Verwaltungskreis Interlaken-Oberhasli"},"canton":{"key":"2","code":"BE","name":"Bern / Berne"},"status":"Real"},{"key":"10010697","name":"Schlatti","postalCode":"6083","locality":"Hasliberg Hohfluh","commune":{"key":"783","name":"Hasliberg","shortName":"Hasliberg"},"district":{"key":"250","name":"Verwaltungskreis Interlaken-Oberhasli"},"canton":{"key":"2","code":"BE","name":"Bern / Berne"},"status":"Real"},{"key":"10060992","name":"Schletter","postalCode":"6086","locality":"Hasliberg Reuti","commune":{"key":"783","name":"Hasliberg","shortName":"Hasliberg"},"district":{"key":"250","name":"Verwaltungskreis Interlaken-Oberhasli"},"canton":{"key":"2","code":"BE","name":"Bern / Berne"},"status":"Real"},{"key":"10242834","name":"Schlucht","postalCode":"6083","locality":"Hasliberg Hohfluh","commune":{"key":"783","name":"Hasliberg","shortName":"Hasliberg"},"district":{"key":"250","name":"Verwaltungskreis Interlaken-Oberhasli"},"canton":{"key":"2","code":"BE","name":"Bern / Berne"},"status":"Real"},{"key":"10242830","name":"Schlucht","postalCode":"6086","locality":"Hasliberg Reuti","commune":{"key":"783","name":"Hasliberg","shortName":"Hasliberg"},"district":{"key":"250","name":"Verwaltungskreis Interlaken-Oberhasli"},"canton":{"key":"2","code":"BE","name":"Bern / Berne"},"status":"Real"},{"key":"10089246","name":"Schlupf","postalCode":"6083","locality":"Hasliberg Hohfluh","commune":{"key":"783","name":"Hasliberg","shortName":"Hasliberg"},"district":{"key":"250","name":"Verwaltungskreis Interlaken-Oberhasli"},"canton":{"key":"2","code":"BE","name":"Bern / Berne"},"status":"Real"},{"key":"10010700","name":"Schrändli","postalCode":"6086","locality":"Hasliberg Reuti","commune":{"key":"783","name":"Hasliberg","shortName":"Hasliberg"},"district":{"key":"250","name":"Verwaltungskreis Interlaken-Oberhasli"},"canton":{"key":"2","code":"BE","name":"Bern / Berne"},"status":"Real"},{"key":"10010699","name":"Schroten","postalCode":"6083","locality":"Hasliberg Hohfluh","commune":{"key":"783","name":"Hasliberg","shortName":"Hasliberg"},"district":{"key":"250","name":"Verwaltungskreis Interlaken-Oberhasli"},"canton":{"key":"2","code":"BE","name":"Bern / Berne"},"status":"Real"},{"key":"10089247","name":"Schrotenweidli","postalCode":"6083","locality":"Hasliberg Hohfluh","commune":{"key":"783","name":"Hasliberg","shortName":"Hasliberg"},"district":{"key":"250","name":"Verwaltungskreis Interlaken-Oberhasli"},"canton":{"key":"2","code":"BE","name":"Bern / Berne"},"status":"Real"},{"key":"10169011","name":"Schwand","postalCode":"6083","locality":"Hasliberg Hohfluh","commune":{"key":"783","name":"Hasliberg","shortName":"Hasliberg"},"district":{"key":"250","name":"Verwaltungskreis Interlaken-Oberhasli"},"canton":{"key":"2","code":"BE","name":"Bern / Berne"},"status":"Real"},{"key":"10216808","name":"Schwendi","postalCode":"6085","locality":"Hasliberg Goldern","commune":{"key":"783","name":"Hasliberg","shortName":"Hasliberg"},"district":{"key":"250","name":"Verwaltungskreis Interlaken-Oberhasli"},"canton":{"key":"2","code":"BE","name":"Bern / Berne"},"status":"Real"},{"key":"10256470","name":"Seemad","postalCode":"6084","locality":"Hasliberg Wasserwendi","commune":{"key":"783","name":"Hasliberg","shortName":"Hasliberg"},"district":{"key":"250","name":"Verwaltungskreis Interlaken-Oberhasli"},"canton":{"key":"2","code":"BE","name":"Bern / Berne"},"status":"Real"},{"key":"10216812","name":"Sodacher","postalCode":"6086","locality":"Hasliberg Reuti","commune":{"key":"783","name":"Hasliberg","shortName":"Hasliberg"},"district":{"key":"250","name":"Verwaltungskreis Interlaken-Oberhasli"},"canton":{"key":"2","code":"BE","name":"Bern / Berne"},"status":"Real"},{"key":"10216816","name":"Sood","postalCode":"6084","locality":"Hasliberg Wasserwendi","commune":{"key":"783","name":"Hasliberg","shortName":"Hasliberg"},"district":{"key":"250","name":"Verwaltungskreis Interlaken-Oberhasli"},"canton":{"key":"2","code":"BE","name":"Bern / Berne"},"status":"Real"},{"key":"10169012","name":"Stadel","postalCode":"6086","locality":"Hasliberg Reuti","commune":{"key":"783","name":"Hasliberg","shortName":"Hasliberg"},"district":{"key":"250","name":"Verwaltungskreis Interlaken-Oberhasli"},"canton":{"key":"2","code":"BE","name":"Bern / Berne"},"status":"Real"},{"key":"10106734","name":"Staldacher","postalCode":"6086","locality":"Hasliberg Reuti","commune":{"key":"783","name":"Hasliberg","shortName":"Hasliberg"},"district":{"key":"250","name":"Verwaltungskreis Interlaken-Oberhasli"},"canton":{"key":"2","code":"BE","name":"Bern / Berne"},"status":"Real"},{"key":"10242793","name":"Staldi","postalCode":"6083","locality":"Hasliberg Hohfluh","commune":{"key":"783","name":"Hasliberg","shortName":"Hasliberg"},"district":{"key":"250","name":"Verwaltungskreis Interlaken-Oberhasli"},"canton":{"key":"2","code":"BE","name":"Bern / Berne"},"status":"Real"},{"key":"10242789","name":"Staldi","postalCode":"6086","locality":"Hasliberg Reuti","commune":{"key":"783","name":"Hasliberg","shortName":"Hasliberg"},"district":{"key":"250","name":"Verwaltungskreis Interlaken-Oberhasli"},"canton":{"key":"2","code":"BE","name":"Bern / Berne"},"status":"Real"},{"key":"10060993","name":"Stapf","postalCode":"6086","locality":"Hasliberg Reuti","commune":{"key":"783","name":"Hasliberg","shortName":"Hasliberg"},"district":{"key":"250","name":"Verwaltungskreis Interlaken-Oberhasli"},"canton":{"key":"2","code":"BE","name":"Bern / Berne"},"status":"Real"},{"key":"10111267","name":"Stein","postalCode":"6084","locality":"Hasliberg Wasserwendi","commune":{"key":"783","name":"Hasliberg","shortName":"Hasliberg"},"district":{"key":"250","name":"Verwaltungskreis Interlaken-Oberhasli"},"canton":{"key":"2","code":"BE","name":"Bern / Berne"},"status":"Real"},{"key":"10180459","name":"Steini","postalCode":"6086","locality":"Hasliberg Reuti","commune":{"key":"783","name":"Hasliberg","shortName":"Hasliberg"},"district":{"key":"250","name":"Verwaltungskreis Interlaken-Oberhasli"},"canton":{"key":"2","code":"BE","name":"Bern / Berne"},"status":"Real"},{"key":"10256472","name":"Steinschlag","postalCode":"6084","locality":"Hasliberg Wasserwendi","commune":{"key":"783","name":"Hasliberg","shortName":"Hasliberg"},"district":{"key":"250","name":"Verwaltungskreis Interlaken-Oberhasli"},"canton":{"key":"2","code":"BE","name":"Bern / Berne"},"status":"Real"},{"key":"10089256","name":"Sternen","postalCode":"6086","locality":"Hasliberg Reuti","commune":{"key":"783","name":"Hasliberg","shortName":"Hasliberg"},"district":{"key":"250","name":"Verwaltungskreis Interlaken-Oberhasli"},"canton":{"key":"2","code":"BE","name":"Bern / Berne"},"status":"Real"},{"key":"10242749","name":"Stutzli","postalCode":"6083","locality":"Hasliberg Hohfluh","commune":{"key":"783","name":"Hasliberg","shortName":"Hasliberg"},"district":{"key":"250","name":"Verwaltungskreis Interlaken-Oberhasli"},"canton":{"key":"2","code":"BE","name":"Bern / Berne"},"status":"Real"},{"key":"10242745","name":"Stutzli","postalCode":"6085","locality":"Hasliberg Goldern","commune":{"key":"783","name":"Hasliberg","shortName":"Hasliberg"},"district":{"key":"250","name":"Verwaltungskreis Interlaken-Oberhasli"},"canton":{"key":"2","code":"BE","name":"Bern / Berne"},"status":"Real"},{"key":"10210723","name":"Syten","postalCode":"6083","locality":"Hasliberg Hohfluh","commune":{"key":"783","name":"Hasliberg","shortName":"Hasliberg"},"district":{"key":"250","name":"Verwaltungskreis Interlaken-Oberhasli"},"canton":{"key":"2","code":"BE","name":"Bern / Berne"},"status":"Real"},{"key":"10061651","name":"Sytevorsess","postalCode":"6084","locality":"Hasliberg Wasserwendi","commune":{"key":"783","name":"Hasliberg","shortName":"Hasliberg"},"district":{"key":"250","name":"Verwaltungskreis Interlaken-Oberhasli"},"canton":{"key":"2","code":"BE","name":"Bern / Berne"},"status":"Real"},{"key":"10060994","name":"Syti","postalCode":"6086","locality":"Hasliberg Reuti","commune":{"key":"783","name":"Hasliberg","shortName":"Hasliberg"},"district":{"key":"250","name":"Verwaltungskreis Interlaken-Oberhasli"},"canton":{"key":"2","code":"BE","name":"Bern / Berne"},"status":"Real"},{"key":"10216820","name":"Teifbächli","postalCode":"6086","locality":"Hasliberg Reuti","commune":{"key":"783","name":"Hasliberg","shortName":"Hasliberg"},"district":{"key":"250","name":"Verwaltungskreis Interlaken-Oberhasli"},"canton":{"key":"2","code":"BE","name":"Bern / Berne"},"status":"Real"},{"key":"10145364","name":"Tschorren","postalCode":"6083","locality":"Hasliberg Hohfluh","commune":{"key":"783","name":"Hasliberg","shortName":"Hasliberg"},"district":{"key":"250","name":"Verwaltungskreis Interlaken-Oberhasli"},"canton":{"key":"2","code":"BE","name":"Bern / Berne"},"status":"Real"},{"key":"10064119","name":"Twing","postalCode":"6084","locality":"Hasliberg Wasserwendi","commune":{"key":"783","name":"Hasliberg","shortName":"Hasliberg"},"district":{"key":"250","name":"Verwaltungskreis Interlaken-Oberhasli"},"canton":{"key":"2","code":"BE","name":"Bern / Berne"},"status":"Real"},{"key":"10010717","name":"Uf Riiti","postalCode":"6085","locality":"Hasliberg Goldern","commune":{"key":"783","name":"Hasliberg","shortName":"Hasliberg"},"district":{"key":"250","name":"Verwaltungskreis Interlaken-Oberhasli"},"canton":{"key":"2","code":"BE","name":"Bern / Berne"},"status":"Real"},{"key":"10216824","name":"Underbalm","postalCode":"6086","locality":"Hasliberg Reuti","commune":{"key":"783","name":"Hasliberg","shortName":"Hasliberg"},"district":{"key":"250","name":"Verwaltungskreis Interlaken-Oberhasli"},"canton":{"key":"2","code":"BE","name":"Bern / Berne"},"status":"Real"},{"key":"10064120","name":"Underbalmi","postalCode":"6083","locality":"Hasliberg Hohfluh","commune":{"key":"783","name":"Hasliberg","shortName":"Hasliberg"},"district":{"key":"250","name":"Verwaltungskreis Interlaken-Oberhasli"},"canton":{"key":"2","code":"BE","name":"Bern / Berne"},"status":"Real"},{"key":"10168124","name":"Unterbächen","postalCode":"6083","locality":"Hasliberg Hohfluh","commune":{"key":"783","name":"Hasliberg","shortName":"Hasliberg"},"district":{"key":"250","name":"Verwaltungskreis Interlaken-Oberhasli"},"canton":{"key":"2","code":"BE","name":"Bern / Berne"},"status":"Real"},{"key":"10191893","name":"Unter der Syten","postalCode":"6086","locality":"Hasliberg Reuti","commune":{"key":"783","name":"Hasliberg","shortName":"Hasliberg"},"district":{"key":"250","name":"Verwaltungskreis Interlaken-Oberhasli"},"canton":{"key":"2","code":"BE","name":"Bern / Berne"},"status":"Real"},{"key":"10131176","name":"Unterdorf","postalCode":"6083","locality":"Hasliberg Hohfluh","commune":{"key":"783","name":"Hasliberg","shortName":"Hasliberg"},"district":{"key":"250","name":"Verwaltungskreis Interlaken-Oberhasli"},"canton":{"key":"2","code":"BE","name":"Bern / Berne"},"status":"Real"},{"key":"10010731","name":"Unterer Staldacher","postalCode":"6086","locality":"Hasliberg Reuti","commune":{"key":"783","name":"Hasliberg","shortName":"Hasliberg"},"district":{"key":"250","name":"Verwaltungskreis Interlaken-Oberhasli"},"canton":{"key":"2","code":"BE","name":"Bern / Berne"},"status":"Real"},{"key":"10192300","name":"Unterfluh","postalCode":"6083","locality":"Hasliberg Hohfluh","commune":{"key":"783","name":"Hasliberg","shortName":"Hasliberg"},"district":{"key":"250","name":"Verwaltungskreis Interlaken-Oberhasli"},"canton":{"key":"2","code":"BE","name":"Bern / Berne"},"status":"Real"},{"key":"10060985","name":"Unterschüfli","postalCode":"6083","locality":"Hasliberg Hohfluh","commune":{"key":"783","name":"Hasliberg","shortName":"Hasliberg"},"district":{"key":"250","name":"Verwaltungskreis Interlaken-Oberhasli"},"canton":{"key":"2","code":"BE","name":"Bern / Berne"},"status":"Real"},{"key":"10089251","name":"Untersyten","postalCode":"6084","locality":"Hasliberg Wasserwendi","commune":{"key":"783","name":"Hasliberg","shortName":"Hasliberg"},"district":{"key":"250","name":"Verwaltungskreis Interlaken-Oberhasli"},"canton":{"key":"2","code":"BE","name":"Bern / Berne"},"status":"Real"},{"key":"10192302","name":"Urseni","postalCode":"6085","locality":"Hasliberg Goldern","commune":{"key":"783","name":"Hasliberg","shortName":"Hasliberg"},"district":{"key":"250","name":"Verwaltungskreis Interlaken-Oberhasli"},"canton":{"key":"2","code":"BE","name":"Bern / Berne"},"status":"Real"},{"key":"10207569","name":"Ursifluh","postalCode":"6085","locality":"Hasliberg Goldern","commune":{"key":"783","name":"Hasliberg","shortName":"Hasliberg"},"district":{"key":"250","name":"Verwaltungskreis Interlaken-Oberhasli"},"canton":{"key":"2","code":"BE","name":"Bern / Berne"},"status":"Real"},{"key":"10010702","name":"Vor der Ey","postalCode":"6083","locality":"Hasliberg Hohfluh","commune":{"key":"783","name":"Hasliberg","shortName":"Hasliberg"},"district":{"key":"250","name":"Verwaltungskreis Interlaken-Oberhasli"},"canton":{"key":"2","code":"BE","name":"Bern / Berne"},"status":"Real"},{"key":"10256460","name":"Wäälli","postalCode":"6086","locality":"Hasliberg Reuti","commune":{"key":"783","name":"Hasliberg","shortName":"Hasliberg"},"district":{"key":"250","name":"Verwaltungskreis Interlaken-Oberhasli"},"canton":{"key":"2","code":"BE","name":"Bern / Berne"},"status":"Real"},{"key":"10089257","name":"Walchi","postalCode":"6086","locality":"Hasliberg Reuti","commune":{"key":"783","name":"Hasliberg","shortName":"Hasliberg"},"district":{"key":"250","name":"Verwaltungskreis Interlaken-Oberhasli"},"canton":{"key":"2","code":"BE","name":"Bern / Berne"},"status":"Real"},{"key":"10064121","name":"Waldli","postalCode":"6084","locality":"Hasliberg Wasserwendi","commune":{"key":"783","name":"Hasliberg","shortName":"Hasliberg"},"district":{"key":"250","name":"Verwaltungskreis Interlaken-Oberhasli"},"canton":{"key":"2","code":"BE","name":"Bern / Berne"},"status":"Real"},{"key":"10089248","name":"Weidli","postalCode":"6083","locality":"Hasliberg Hohfluh","commune":{"key":"783","name":"Hasliberg","shortName":"Hasliberg"},"district":{"key":"250","name":"Verwaltungskreis Interlaken-Oberhasli"},"canton":{"key":"2","code":"BE","name":"Bern / Berne"},"status":"Real"},{"key":"10010732","name":"Weissenfluh","postalCode":"6086","locality":"Hasliberg Reuti","commune":{"key":"783","name":"Hasliberg","shortName":"Hasliberg"},"district":{"key":"250","name":"Verwaltungskreis Interlaken-Oberhasli"},"canton":{"key":"2","code":"BE","name":"Bern / Berne"},"status":"Real"},{"key":"10010703","name":"Weisstanne","postalCode":"6083","locality":"Hasliberg Hohfluh","commune":{"key":"783","name":"Hasliberg","shortName":"Hasliberg"},"district":{"key":"250","name":"Verwaltungskreis Interlaken-Oberhasli"},"canton":{"key":"2","code":"BE","name":"Bern / Berne"},"status":"Real"},{"key":"10170922","name":"Winterlücke","postalCode":"6086","locality":"Hasliberg Reuti","commune":{"key":"783","name":"Hasliberg","shortName":"Hasliberg"},"district":{"key":"250","name":"Verwaltungskreis Interlaken-Oberhasli"},"canton":{"key":"2","code":"BE","name":"Bern / Berne"},"status":"Real"},{"key":"10197890","name":"Wolftenndli","postalCode":"6084","locality":"Hasliberg Wasserwendi","commune":{"key":"783","name":"Hasliberg","shortName":"Hasliberg"},"district":{"key":"250","name":"Verwaltungskreis Interlaken-Oberhasli"},"canton":{"key":"2","code":"BE","name":"Bern / Berne"},"status":"Real"},{"key":"10064122","name":"Zubacher","postalCode":"6085","locality":"Hasliberg Goldern","commune":{"key":"783","name":"Hasliberg","shortName":"Hasliberg"},"district":{"key":"250","name":"Verwaltungskreis Interlaken-Oberhasli"},"canton":{"key":"2","code":"BE","name":"Bern / Berne"},"status":"Real"},]