[{"key":"10066926","name":"Beunde","postalCode":"3116","locality":"Kirchdorf BE","commune":{"key":"872","name":"Kirchdorf (BE)","shortName":"Kirchdorf (BE)"},"district":{"key":"246","name":"Verwaltungskreis Bern-Mittelland"},"canton":{"key":"2","code":"BE","name":"Bern / Berne"},"status":"Real"},{"key":"10011451","name":"Büttstein","postalCode":"3116","locality":"Kirchdorf BE","commune":{"key":"872","name":"Kirchdorf (BE)","shortName":"Kirchdorf (BE)"},"district":{"key":"246","name":"Verwaltungskreis Bern-Mittelland"},"canton":{"key":"2","code":"BE","name":"Bern / Berne"},"status":"Real"},{"key":"10197352","name":"Chefelistutz","postalCode":"3116","locality":"Kirchdorf BE","commune":{"key":"872","name":"Kirchdorf (BE)","shortName":"Kirchdorf (BE)"},"district":{"key":"246","name":"Verwaltungskreis Bern-Mittelland"},"canton":{"key":"2","code":"BE","name":"Bern / Berne"},"status":"Real"},{"key":"10084505","name":"Dorfstrasse","postalCode":"3116","locality":"Kirchdorf BE","commune":{"key":"872","name":"Kirchdorf (BE)","shortName":"Kirchdorf (BE)"},"district":{"key":"246","name":"Verwaltungskreis Bern-Mittelland"},"canton":{"key":"2","code":"BE","name":"Bern / Berne"},"status":"Real"},{"key":"10151521","name":"Gantrischweg","postalCode":"3116","locality":"Kirchdorf BE","commune":{"key":"872","name":"Kirchdorf (BE)","shortName":"Kirchdorf (BE)"},"district":{"key":"246","name":"Verwaltungskreis Bern-Mittelland"},"canton":{"key":"2","code":"BE","name":"Bern / Berne"},"status":"Real"},{"key":"10192519","name":"Grubenweg","postalCode":"3116","locality":"Kirchdorf BE","commune":{"key":"872","name":"Kirchdorf (BE)","shortName":"Kirchdorf (BE)"},"district":{"key":"246","name":"Verwaltungskreis Bern-Mittelland"},"canton":{"key":"2","code":"BE","name":"Bern / Berne"},"status":"Real"},{"key":"10130517","name":"Gumelen","postalCode":"3116","locality":"Kirchdorf BE","commune":{"key":"872","name":"Kirchdorf (BE)","shortName":"Kirchdorf (BE)"},"district":{"key":"246","name":"Verwaltungskreis Bern-Mittelland"},"canton":{"key":"2","code":"BE","name":"Bern / Berne"},"status":"Real"},{"key":"10217695","name":"Hagi","postalCode":"3116","locality":"Kirchdorf BE","commune":{"key":"872","name":"Kirchdorf (BE)","shortName":"Kirchdorf (BE)"},"district":{"key":"246","name":"Verwaltungskreis Bern-Mittelland"},"canton":{"key":"2","code":"BE","name":"Bern / Berne"},"status":"Real"},{"key":"10011452","name":"Halden","postalCode":"3116","locality":"Kirchdorf BE","commune":{"key":"872","name":"Kirchdorf (BE)","shortName":"Kirchdorf (BE)"},"district":{"key":"246","name":"Verwaltungskreis Bern-Mittelland"},"canton":{"key":"2","code":"BE","name":"Bern / Berne"},"status":"Real"},{"key":"10120653","name":"Hofacker","postalCode":"3116","locality":"Kirchdorf BE","commune":{"key":"872","name":"Kirchdorf (BE)","shortName":"Kirchdorf (BE)"},"district":{"key":"246","name":"Verwaltungskreis Bern-Mittelland"},"canton":{"key":"2","code":"BE","name":"Bern / Berne"},"status":"Real"},{"key":"10084506","name":"Insel","postalCode":"3116","locality":"Kirchdorf BE","commune":{"key":"872","name":"Kirchdorf (BE)","shortName":"Kirchdorf (BE)"},"district":{"key":"246","name":"Verwaltungskreis Bern-Mittelland"},"canton":{"key":"2","code":"BE","name":"Bern / Berne"},"status":"Real"},{"key":"10192520","name":"Jabergstrasse","postalCode":"3116","locality":"Kirchdorf BE","commune":{"key":"872","name":"Kirchdorf (BE)","shortName":"Kirchdorf (BE)"},"district":{"key":"246","name":"Verwaltungskreis Bern-Mittelland"},"canton":{"key":"2","code":"BE","name":"Bern / Berne"},"status":"Real"},{"key":"10179840","name":"Kirchgasse","postalCode":"3116","locality":"Kirchdorf BE","commune":{"key":"872","name":"Kirchdorf (BE)","shortName":"Kirchdorf (BE)"},"district":{"key":"246","name":"Verwaltungskreis Bern-Mittelland"},"canton":{"key":"2","code":"BE","name":"Bern / Berne"},"status":"Real"},{"key":"10011454","name":"Langeten","postalCode":"3116","locality":"Kirchdorf BE","commune":{"key":"872","name":"Kirchdorf (BE)","shortName":"Kirchdorf (BE)"},"district":{"key":"246","name":"Verwaltungskreis Bern-Mittelland"},"canton":{"key":"2","code":"BE","name":"Bern / Berne"},"status":"Real"},{"key":"10066928","name":"Lauenen","postalCode":"3116","locality":"Kirchdorf BE","commune":{"key":"872","name":"Kirchdorf (BE)","shortName":"Kirchdorf (BE)"},"district":{"key":"246","name":"Verwaltungskreis Bern-Mittelland"},"canton":{"key":"2","code":"BE","name":"Bern / Berne"},"status":"Real"},{"key":"10084507","name":"Lehn","postalCode":"3116","locality":"Kirchdorf BE","commune":{"key":"872","name":"Kirchdorf (BE)","shortName":"Kirchdorf (BE)"},"district":{"key":"246","name":"Verwaltungskreis Bern-Mittelland"},"canton":{"key":"2","code":"BE","name":"Bern / Berne"},"status":"Real"},{"key":"10192521","name":"Lehnacker","postalCode":"3116","locality":"Kirchdorf BE","commune":{"key":"872","name":"Kirchdorf (BE)","shortName":"Kirchdorf (BE)"},"district":{"key":"246","name":"Verwaltungskreis Bern-Mittelland"},"canton":{"key":"2","code":"BE","name":"Bern / Berne"},"status":"Real"},{"key":"10134034","name":"Lehnhubel","postalCode":"3116","locality":"Kirchdorf BE","commune":{"key":"872","name":"Kirchdorf (BE)","shortName":"Kirchdorf (BE)"},"district":{"key":"246","name":"Verwaltungskreis Bern-Mittelland"},"canton":{"key":"2","code":"BE","name":"Bern / Berne"},"status":"Real"},{"key":"10192522","name":"Limpachweg","postalCode":"3116","locality":"Kirchdorf BE","commune":{"key":"872","name":"Kirchdorf (BE)","shortName":"Kirchdorf (BE)"},"district":{"key":"246","name":"Verwaltungskreis Bern-Mittelland"},"canton":{"key":"2","code":"BE","name":"Bern / Berne"},"status":"Real"},{"key":"10195235","name":"Lohnstorfstrasse","postalCode":"3116","locality":"Kirchdorf BE","commune":{"key":"872","name":"Kirchdorf (BE)","shortName":"Kirchdorf (BE)"},"district":{"key":"246","name":"Verwaltungskreis Bern-Mittelland"},"canton":{"key":"2","code":"BE","name":"Bern / Berne"},"status":"Real"},{"key":"10195236","name":"Mettlen","postalCode":"3116","locality":"Kirchdorf BE","commune":{"key":"872","name":"Kirchdorf (BE)","shortName":"Kirchdorf (BE)"},"district":{"key":"246","name":"Verwaltungskreis Bern-Mittelland"},"canton":{"key":"2","code":"BE","name":"Bern / Berne"},"status":"Real"},{"key":"10162915","name":"Moos","postalCode":"3116","locality":"Kirchdorf BE","commune":{"key":"872","name":"Kirchdorf (BE)","shortName":"Kirchdorf (BE)"},"district":{"key":"246","name":"Verwaltungskreis Bern-Mittelland"},"canton":{"key":"2","code":"BE","name":"Bern / Berne"},"status":"Real"},{"key":"10217717","name":"Moosweg","postalCode":"3116","locality":"Kirchdorf BE","commune":{"key":"872","name":"Kirchdorf (BE)","shortName":"Kirchdorf (BE)"},"district":{"key":"246","name":"Verwaltungskreis Bern-Mittelland"},"canton":{"key":"2","code":"BE","name":"Bern / Berne"},"status":"Real"},{"key":"10195237","name":"Mühledorfstrasse","postalCode":"3116","locality":"Kirchdorf BE","commune":{"key":"872","name":"Kirchdorf (BE)","shortName":"Kirchdorf (BE)"},"district":{"key":"246","name":"Verwaltungskreis Bern-Mittelland"},"canton":{"key":"2","code":"BE","name":"Bern / Berne"},"status":"Real"},{"key":"10216930","name":"Müscheweg","postalCode":"3116","locality":"Kirchdorf BE","commune":{"key":"872","name":"Kirchdorf (BE)","shortName":"Kirchdorf (BE)"},"district":{"key":"246","name":"Verwaltungskreis Bern-Mittelland"},"canton":{"key":"2","code":"BE","name":"Bern / Berne"},"status":"Real"},{"key":"10181749","name":"Noflenstrasse","postalCode":"3116","locality":"Kirchdorf BE","commune":{"key":"872","name":"Kirchdorf (BE)","shortName":"Kirchdorf (BE)"},"district":{"key":"246","name":"Verwaltungskreis Bern-Mittelland"},"canton":{"key":"2","code":"BE","name":"Bern / Berne"},"status":"Real"},{"key":"10149420","name":"Nünenenweg","postalCode":"3116","locality":"Kirchdorf BE","commune":{"key":"872","name":"Kirchdorf (BE)","shortName":"Kirchdorf (BE)"},"district":{"key":"246","name":"Verwaltungskreis Bern-Mittelland"},"canton":{"key":"2","code":"BE","name":"Bern / Berne"},"status":"Real"},{"key":"10011457","name":"Sarren","postalCode":"3116","locality":"Kirchdorf BE","commune":{"key":"872","name":"Kirchdorf (BE)","shortName":"Kirchdorf (BE)"},"district":{"key":"246","name":"Verwaltungskreis Bern-Mittelland"},"canton":{"key":"2","code":"BE","name":"Bern / Berne"},"status":"Real"},{"key":"10218388","name":"Schafrain","postalCode":"3116","locality":"Kirchdorf BE","commune":{"key":"872","name":"Kirchdorf (BE)","shortName":"Kirchdorf (BE)"},"district":{"key":"246","name":"Verwaltungskreis Bern-Mittelland"},"canton":{"key":"2","code":"BE","name":"Bern / Berne"},"status":"Real"},{"key":"10147441","name":"Seegasse","postalCode":"3116","locality":"Kirchdorf BE","commune":{"key":"872","name":"Kirchdorf (BE)","shortName":"Kirchdorf (BE)"},"district":{"key":"246","name":"Verwaltungskreis Bern-Mittelland"},"canton":{"key":"2","code":"BE","name":"Bern / Berne"},"status":"Real"},{"key":"10154681","name":"Seematte","postalCode":"3116","locality":"Kirchdorf BE","commune":{"key":"872","name":"Kirchdorf (BE)","shortName":"Kirchdorf (BE)"},"district":{"key":"246","name":"Verwaltungskreis Bern-Mittelland"},"canton":{"key":"2","code":"BE","name":"Bern / Berne"},"status":"Real"},{"key":"10149034","name":"Sonnhalde","postalCode":"3116","locality":"Kirchdorf BE","commune":{"key":"872","name":"Kirchdorf (BE)","shortName":"Kirchdorf (BE)"},"district":{"key":"246","name":"Verwaltungskreis Bern-Mittelland"},"canton":{"key":"2","code":"BE","name":"Bern / Berne"},"status":"Real"},{"key":"10195238","name":"Steigholzstrasse","postalCode":"3116","locality":"Kirchdorf BE","commune":{"key":"872","name":"Kirchdorf (BE)","shortName":"Kirchdorf (BE)"},"district":{"key":"246","name":"Verwaltungskreis Bern-Mittelland"},"canton":{"key":"2","code":"BE","name":"Bern / Berne"},"status":"Real"},{"key":"10195239","name":"Stockere","postalCode":"3116","locality":"Kirchdorf BE","commune":{"key":"872","name":"Kirchdorf (BE)","shortName":"Kirchdorf (BE)"},"district":{"key":"246","name":"Verwaltungskreis Bern-Mittelland"},"canton":{"key":"2","code":"BE","name":"Bern / Berne"},"status":"Real"},{"key":"10195240","name":"Stockhornweg","postalCode":"3116","locality":"Kirchdorf BE","commune":{"key":"872","name":"Kirchdorf (BE)","shortName":"Kirchdorf (BE)"},"district":{"key":"246","name":"Verwaltungskreis Bern-Mittelland"},"canton":{"key":"2","code":"BE","name":"Bern / Berne"},"status":"Real"},{"key":"10084508","name":"Thalgutstrasse","postalCode":"3116","locality":"Kirchdorf BE","commune":{"key":"872","name":"Kirchdorf (BE)","shortName":"Kirchdorf (BE)"},"district":{"key":"246","name":"Verwaltungskreis Bern-Mittelland"},"canton":{"key":"2","code":"BE","name":"Bern / Berne"},"status":"Real"},{"key":"10062531","name":"Thürliacker","postalCode":"3116","locality":"Kirchdorf BE","commune":{"key":"872","name":"Kirchdorf (BE)","shortName":"Kirchdorf (BE)"},"district":{"key":"246","name":"Verwaltungskreis Bern-Mittelland"},"canton":{"key":"2","code":"BE","name":"Bern / Berne"},"status":"Real"},{"key":"10195241","name":"Uttigenstrasse","postalCode":"3116","locality":"Kirchdorf BE","commune":{"key":"872","name":"Kirchdorf (BE)","shortName":"Kirchdorf (BE)"},"district":{"key":"246","name":"Verwaltungskreis Bern-Mittelland"},"canton":{"key":"2","code":"BE","name":"Bern / Berne"},"status":"Real"},{"key":"10011460","name":"Weiermatt","postalCode":"3116","locality":"Kirchdorf BE","commune":{"key":"872","name":"Kirchdorf (BE)","shortName":"Kirchdorf (BE)"},"district":{"key":"246","name":"Verwaltungskreis Bern-Mittelland"},"canton":{"key":"2","code":"BE","name":"Bern / Berne"},"status":"Real"},{"key":"10011462","name":"Zelg","postalCode":"3116","locality":"Kirchdorf BE","commune":{"key":"872","name":"Kirchdorf (BE)","shortName":"Kirchdorf (BE)"},"district":{"key":"246","name":"Verwaltungskreis Bern-Mittelland"},"canton":{"key":"2","code":"BE","name":"Bern / Berne"},"status":"Real"},]