[{"key":"10155980","name":"Arboldswilerstrasse","postalCode":"4417","locality":"Ziefen","commune":{"key":"2834","name":"Ziefen","shortName":"Ziefen"},"district":{"key":"1303","name":"Bezirk Liestal"},"canton":{"key":"13","code":"BL","name":"Basel-Landschaft"},"status":"Real"},{"key":"10140504","name":"Arboldswilerweg","postalCode":"4417","locality":"Ziefen","commune":{"key":"2834","name":"Ziefen","shortName":"Ziefen"},"district":{"key":"1303","name":"Bezirk Liestal"},"canton":{"key":"13","code":"BL","name":"Basel-Landschaft"},"status":"Real"},{"key":"10155981","name":"Arxmattweid","postalCode":"4417","locality":"Ziefen","commune":{"key":"2834","name":"Ziefen","shortName":"Ziefen"},"district":{"key":"1303","name":"Bezirk Liestal"},"canton":{"key":"13","code":"BL","name":"Basel-Landschaft"},"status":"Real"},{"key":"10112920","name":"Ausmatt","postalCode":"4417","locality":"Ziefen","commune":{"key":"2834","name":"Ziefen","shortName":"Ziefen"},"district":{"key":"1303","name":"Bezirk Liestal"},"canton":{"key":"13","code":"BL","name":"Basel-Landschaft"},"status":"Real"},{"key":"10112921","name":"Ausmattweg","postalCode":"4417","locality":"Ziefen","commune":{"key":"2834","name":"Ziefen","shortName":"Ziefen"},"district":{"key":"1303","name":"Bezirk Liestal"},"canton":{"key":"13","code":"BL","name":"Basel-Landschaft"},"status":"Real"},{"key":"10027735","name":"Baselweg","postalCode":"4417","locality":"Ziefen","commune":{"key":"2834","name":"Ziefen","shortName":"Ziefen"},"district":{"key":"1303","name":"Bezirk Liestal"},"canton":{"key":"13","code":"BL","name":"Basel-Landschaft"},"status":"Real"},{"key":"10112922","name":"Baumgartenweg","postalCode":"4417","locality":"Ziefen","commune":{"key":"2834","name":"Ziefen","shortName":"Ziefen"},"district":{"key":"1303","name":"Bezirk Liestal"},"canton":{"key":"13","code":"BL","name":"Basel-Landschaft"},"status":"Real"},{"key":"10119424","name":"Bei der Kirche","postalCode":"4417","locality":"Ziefen","commune":{"key":"2834","name":"Ziefen","shortName":"Ziefen"},"district":{"key":"1303","name":"Bezirk Liestal"},"canton":{"key":"13","code":"BL","name":"Basel-Landschaft"},"status":"Real"},{"key":"10140501","name":"Bloond","postalCode":"4417","locality":"Ziefen","commune":{"key":"2834","name":"Ziefen","shortName":"Ziefen"},"district":{"key":"1303","name":"Bezirk Liestal"},"canton":{"key":"13","code":"BL","name":"Basel-Landschaft"},"status":"Real"},{"key":"10155983","name":"Bolzenried","postalCode":"4417","locality":"Ziefen","commune":{"key":"2834","name":"Ziefen","shortName":"Ziefen"},"district":{"key":"1303","name":"Bezirk Liestal"},"canton":{"key":"13","code":"BL","name":"Basel-Landschaft"},"status":"Real"},{"key":"10155984","name":"Bomberg","postalCode":"4417","locality":"Ziefen","commune":{"key":"2834","name":"Ziefen","shortName":"Ziefen"},"district":{"key":"1303","name":"Bezirk Liestal"},"canton":{"key":"13","code":"BL","name":"Basel-Landschaft"},"status":"Real"},{"key":"10155985","name":"Breitacker","postalCode":"4417","locality":"Ziefen","commune":{"key":"2834","name":"Ziefen","shortName":"Ziefen"},"district":{"key":"1303","name":"Bezirk Liestal"},"canton":{"key":"13","code":"BL","name":"Basel-Landschaft"},"status":"Real"},{"key":"10155986","name":"Buech","postalCode":"4417","locality":"Ziefen","commune":{"key":"2834","name":"Ziefen","shortName":"Ziefen"},"district":{"key":"1303","name":"Bezirk Liestal"},"canton":{"key":"13","code":"BL","name":"Basel-Landschaft"},"status":"Real"},{"key":"10070088","name":"Bündtenweg","postalCode":"4417","locality":"Ziefen","commune":{"key":"2834","name":"Ziefen","shortName":"Ziefen"},"district":{"key":"1303","name":"Bezirk Liestal"},"canton":{"key":"13","code":"BL","name":"Basel-Landschaft"},"status":"Real"},{"key":"10027736","name":"Büntenackerweg","postalCode":"4417","locality":"Ziefen","commune":{"key":"2834","name":"Ziefen","shortName":"Ziefen"},"district":{"key":"1303","name":"Bezirk Liestal"},"canton":{"key":"13","code":"BL","name":"Basel-Landschaft"},"status":"Real"},{"key":"10096240","name":"Burenmatt","postalCode":"4417","locality":"Ziefen","commune":{"key":"2834","name":"Ziefen","shortName":"Ziefen"},"district":{"key":"1303","name":"Bezirk Liestal"},"canton":{"key":"13","code":"BL","name":"Basel-Landschaft"},"status":"Real"},{"key":"10112924","name":"Chapf","postalCode":"4417","locality":"Ziefen","commune":{"key":"2834","name":"Ziefen","shortName":"Ziefen"},"district":{"key":"1303","name":"Bezirk Liestal"},"canton":{"key":"13","code":"BL","name":"Basel-Landschaft"},"status":"Real"},{"key":"10027737","name":"Dochelenweg","postalCode":"4417","locality":"Ziefen","commune":{"key":"2834","name":"Ziefen","shortName":"Ziefen"},"district":{"key":"1303","name":"Bezirk Liestal"},"canton":{"key":"13","code":"BL","name":"Basel-Landschaft"},"status":"Real"},{"key":"10112925","name":"Dürrenacher","postalCode":"4417","locality":"Ziefen","commune":{"key":"2834","name":"Ziefen","shortName":"Ziefen"},"district":{"key":"1303","name":"Bezirk Liestal"},"canton":{"key":"13","code":"BL","name":"Basel-Landschaft"},"status":"Real"},{"key":"10118123","name":"Eienstrasse","postalCode":"4417","locality":"Ziefen","commune":{"key":"2834","name":"Ziefen","shortName":"Ziefen"},"district":{"key":"1303","name":"Bezirk Liestal"},"canton":{"key":"13","code":"BL","name":"Basel-Landschaft"},"status":"Real"},{"key":"10140497","name":"Erlihof","postalCode":"4417","locality":"Ziefen","commune":{"key":"2834","name":"Ziefen","shortName":"Ziefen"},"district":{"key":"1303","name":"Bezirk Liestal"},"canton":{"key":"13","code":"BL","name":"Basel-Landschaft"},"status":"Real"},{"key":"10112927","name":"Fuchshof","postalCode":"4417","locality":"Ziefen","commune":{"key":"2834","name":"Ziefen","shortName":"Ziefen"},"district":{"key":"1303","name":"Bezirk Liestal"},"canton":{"key":"13","code":"BL","name":"Basel-Landschaft"},"status":"Real"},{"key":"10243709","name":"Fuchsweg","postalCode":"4417","locality":"Ziefen","commune":{"key":"2834","name":"Ziefen","shortName":"Ziefen"},"district":{"key":"1303","name":"Bezirk Liestal"},"canton":{"key":"13","code":"BL","name":"Basel-Landschaft"},"status":"Real"},{"key":"10243713","name":"Gausetweg","postalCode":"4417","locality":"Ziefen","commune":{"key":"2834","name":"Ziefen","shortName":"Ziefen"},"district":{"key":"1303","name":"Bezirk Liestal"},"canton":{"key":"13","code":"BL","name":"Basel-Landschaft"},"status":"Real"},{"key":"10140488","name":"Gehrenmatt","postalCode":"4417","locality":"Ziefen","commune":{"key":"2834","name":"Ziefen","shortName":"Ziefen"},"district":{"key":"1303","name":"Bezirk Liestal"},"canton":{"key":"13","code":"BL","name":"Basel-Landschaft"},"status":"Real"},{"key":"10140485","name":"Gehrenweg","postalCode":"4417","locality":"Ziefen","commune":{"key":"2834","name":"Ziefen","shortName":"Ziefen"},"district":{"key":"1303","name":"Bezirk Liestal"},"canton":{"key":"13","code":"BL","name":"Basel-Landschaft"},"status":"Real"},{"key":"10156608","name":"Geispel","postalCode":"4417","locality":"Ziefen","commune":{"key":"2834","name":"Ziefen","shortName":"Ziefen"},"district":{"key":"1303","name":"Bezirk Liestal"},"canton":{"key":"13","code":"BL","name":"Basel-Landschaft"},"status":"Real"},{"key":"10108764","name":"Grubenackerweg","postalCode":"4417","locality":"Ziefen","commune":{"key":"2834","name":"Ziefen","shortName":"Ziefen"},"district":{"key":"1303","name":"Bezirk Liestal"},"canton":{"key":"13","code":"BL","name":"Basel-Landschaft"},"status":"Real"},{"key":"10185226","name":"Güfiweg","postalCode":"4417","locality":"Ziefen","commune":{"key":"2834","name":"Ziefen","shortName":"Ziefen"},"district":{"key":"1303","name":"Bezirk Liestal"},"canton":{"key":"13","code":"BL","name":"Basel-Landschaft"},"status":"Real"},{"key":"10155987","name":"Gutenspiel","postalCode":"4417","locality":"Ziefen","commune":{"key":"2834","name":"Ziefen","shortName":"Ziefen"},"district":{"key":"1303","name":"Bezirk Liestal"},"canton":{"key":"13","code":"BL","name":"Basel-Landschaft"},"status":"Real"},{"key":"10027738","name":"Hauptstrasse","postalCode":"4417","locality":"Ziefen","commune":{"key":"2834","name":"Ziefen","shortName":"Ziefen"},"district":{"key":"1303","name":"Bezirk Liestal"},"canton":{"key":"13","code":"BL","name":"Basel-Landschaft"},"status":"Real"},{"key":"10117910","name":"Heissenstein","postalCode":"4417","locality":"Ziefen","commune":{"key":"2834","name":"Ziefen","shortName":"Ziefen"},"district":{"key":"1303","name":"Bezirk Liestal"},"canton":{"key":"13","code":"BL","name":"Basel-Landschaft"},"status":"Real"},{"key":"10124966","name":"Hintermatt","postalCode":"4417","locality":"Ziefen","commune":{"key":"2834","name":"Ziefen","shortName":"Ziefen"},"district":{"key":"1303","name":"Bezirk Liestal"},"canton":{"key":"13","code":"BL","name":"Basel-Landschaft"},"status":"Real"},{"key":"10070089","name":"Hintermattstrasse","postalCode":"4417","locality":"Ziefen","commune":{"key":"2834","name":"Ziefen","shortName":"Ziefen"},"district":{"key":"1303","name":"Bezirk Liestal"},"canton":{"key":"13","code":"BL","name":"Basel-Landschaft"},"status":"Real"},{"key":"10155982","name":"Hof Banholz","postalCode":"4417","locality":"Ziefen","commune":{"key":"2834","name":"Ziefen","shortName":"Ziefen"},"district":{"key":"1303","name":"Bezirk Liestal"},"canton":{"key":"13","code":"BL","name":"Basel-Landschaft"},"status":"Real"},{"key":"10112923","name":"Hof Beckenweid","postalCode":"4417","locality":"Ziefen","commune":{"key":"2834","name":"Ziefen","shortName":"Ziefen"},"district":{"key":"1303","name":"Bezirk Liestal"},"canton":{"key":"13","code":"BL","name":"Basel-Landschaft"},"status":"Real"},{"key":"10112926","name":"Hof Ebnet","postalCode":"4417","locality":"Ziefen","commune":{"key":"2834","name":"Ziefen","shortName":"Ziefen"},"district":{"key":"1303","name":"Bezirk Liestal"},"canton":{"key":"13","code":"BL","name":"Basel-Landschaft"},"status":"Real"},{"key":"10140498","name":"Hof Gutenspiel","postalCode":"4417","locality":"Ziefen","commune":{"key":"2834","name":"Ziefen","shortName":"Ziefen"},"district":{"key":"1303","name":"Bezirk Liestal"},"canton":{"key":"13","code":"BL","name":"Basel-Landschaft"},"status":"Real"},{"key":"10155988","name":"Hof Halde","postalCode":"4417","locality":"Ziefen","commune":{"key":"2834","name":"Ziefen","shortName":"Ziefen"},"district":{"key":"1303","name":"Bezirk Liestal"},"canton":{"key":"13","code":"BL","name":"Basel-Landschaft"},"status":"Real"},{"key":"10112928","name":"Hof Hintere Kohlmatt","postalCode":"4417","locality":"Ziefen","commune":{"key":"2834","name":"Ziefen","shortName":"Ziefen"},"district":{"key":"1303","name":"Bezirk Liestal"},"canton":{"key":"13","code":"BL","name":"Basel-Landschaft"},"status":"Real"},{"key":"10155993","name":"Hof Kleckenberg","postalCode":"4417","locality":"Ziefen","commune":{"key":"2834","name":"Ziefen","shortName":"Ziefen"},"district":{"key":"1303","name":"Bezirk Liestal"},"canton":{"key":"13","code":"BL","name":"Basel-Landschaft"},"status":"Real"},{"key":"10155994","name":"Hof Kohlmatt","postalCode":"4417","locality":"Ziefen","commune":{"key":"2834","name":"Ziefen","shortName":"Ziefen"},"district":{"key":"1303","name":"Bezirk Liestal"},"canton":{"key":"13","code":"BL","name":"Basel-Landschaft"},"status":"Real"},{"key":"10155996","name":"Hof Lachmatt","postalCode":"4417","locality":"Ziefen","commune":{"key":"2834","name":"Ziefen","shortName":"Ziefen"},"district":{"key":"1303","name":"Bezirk Liestal"},"canton":{"key":"13","code":"BL","name":"Basel-Landschaft"},"status":"Real"},{"key":"10155990","name":"Hof Luftmatt","postalCode":"4417","locality":"Ziefen","commune":{"key":"2834","name":"Ziefen","shortName":"Ziefen"},"district":{"key":"1303","name":"Bezirk Liestal"},"canton":{"key":"13","code":"BL","name":"Basel-Landschaft"},"status":"Real"},{"key":"10207917","name":"Hofmattring","postalCode":"4417","locality":"Ziefen","commune":{"key":"2834","name":"Ziefen","shortName":"Ziefen"},"district":{"key":"1303","name":"Bezirk Liestal"},"canton":{"key":"13","code":"BL","name":"Basel-Landschaft"},"status":"Real"},{"key":"10140495","name":"Hof Obere Rüti","postalCode":"4417","locality":"Ziefen","commune":{"key":"2834","name":"Ziefen","shortName":"Ziefen"},"district":{"key":"1303","name":"Bezirk Liestal"},"canton":{"key":"13","code":"BL","name":"Basel-Landschaft"},"status":"Real"},{"key":"10112933","name":"Hof Rosacher","postalCode":"4417","locality":"Ziefen","commune":{"key":"2834","name":"Ziefen","shortName":"Ziefen"},"district":{"key":"1303","name":"Bezirk Liestal"},"canton":{"key":"13","code":"BL","name":"Basel-Landschaft"},"status":"Real"},{"key":"10112936","name":"Hof Tannmatt","postalCode":"4417","locality":"Ziefen","commune":{"key":"2834","name":"Ziefen","shortName":"Ziefen"},"district":{"key":"1303","name":"Bezirk Liestal"},"canton":{"key":"13","code":"BL","name":"Basel-Landschaft"},"status":"Real"},{"key":"10140484","name":"Hof Untere Rüti","postalCode":"4417","locality":"Ziefen","commune":{"key":"2834","name":"Ziefen","shortName":"Ziefen"},"district":{"key":"1303","name":"Bezirk Liestal"},"canton":{"key":"13","code":"BL","name":"Basel-Landschaft"},"status":"Real"},{"key":"10155989","name":"Hof Weid","postalCode":"4417","locality":"Ziefen","commune":{"key":"2834","name":"Ziefen","shortName":"Ziefen"},"district":{"key":"1303","name":"Bezirk Liestal"},"canton":{"key":"13","code":"BL","name":"Basel-Landschaft"},"status":"Real"},{"key":"10243717","name":"Holdenweg","postalCode":"4417","locality":"Ziefen","commune":{"key":"2834","name":"Ziefen","shortName":"Ziefen"},"district":{"key":"1303","name":"Bezirk Liestal"},"canton":{"key":"13","code":"BL","name":"Basel-Landschaft"},"status":"Real"},{"key":"10155991","name":"Höll","postalCode":"4417","locality":"Ziefen","commune":{"key":"2834","name":"Ziefen","shortName":"Ziefen"},"district":{"key":"1303","name":"Bezirk Liestal"},"canton":{"key":"13","code":"BL","name":"Basel-Landschaft"},"status":"Real"},{"key":"10243721","name":"Holzenbergstrasse","postalCode":"4417","locality":"Ziefen","commune":{"key":"2834","name":"Ziefen","shortName":"Ziefen"},"district":{"key":"1303","name":"Bezirk Liestal"},"canton":{"key":"13","code":"BL","name":"Basel-Landschaft"},"status":"Real"},{"key":"10104489","name":"Hübel","postalCode":"4417","locality":"Ziefen","commune":{"key":"2834","name":"Ziefen","shortName":"Ziefen"},"district":{"key":"1303","name":"Bezirk Liestal"},"canton":{"key":"13","code":"BL","name":"Basel-Landschaft"},"status":"Real"},{"key":"10027739","name":"Hüslimattstrasse","postalCode":"4417","locality":"Ziefen","commune":{"key":"2834","name":"Ziefen","shortName":"Ziefen"},"district":{"key":"1303","name":"Bezirk Liestal"},"canton":{"key":"13","code":"BL","name":"Basel-Landschaft"},"status":"Real"},{"key":"10027740","name":"Im Baumgarten","postalCode":"4417","locality":"Ziefen","commune":{"key":"2834","name":"Ziefen","shortName":"Ziefen"},"district":{"key":"1303","name":"Bezirk Liestal"},"canton":{"key":"13","code":"BL","name":"Basel-Landschaft"},"status":"Real"},{"key":"10127204","name":"Im Grubenacker","postalCode":"4417","locality":"Ziefen","commune":{"key":"2834","name":"Ziefen","shortName":"Ziefen"},"district":{"key":"1303","name":"Bezirk Liestal"},"canton":{"key":"13","code":"BL","name":"Basel-Landschaft"},"status":"Real"},{"key":"10096241","name":"Im Krummacker","postalCode":"4417","locality":"Ziefen","commune":{"key":"2834","name":"Ziefen","shortName":"Ziefen"},"district":{"key":"1303","name":"Bezirk Liestal"},"canton":{"key":"13","code":"BL","name":"Basel-Landschaft"},"status":"Real"},{"key":"10175907","name":"Im Rank","postalCode":"4417","locality":"Ziefen","commune":{"key":"2834","name":"Ziefen","shortName":"Ziefen"},"district":{"key":"1303","name":"Bezirk Liestal"},"canton":{"key":"13","code":"BL","name":"Basel-Landschaft"},"status":"Real"},{"key":"10070090","name":"Im Rebacker","postalCode":"4417","locality":"Ziefen","commune":{"key":"2834","name":"Ziefen","shortName":"Ziefen"},"district":{"key":"1303","name":"Bezirk Liestal"},"canton":{"key":"13","code":"BL","name":"Basel-Landschaft"},"status":"Real"},{"key":"10140493","name":"Im Winkel","postalCode":"4417","locality":"Ziefen","commune":{"key":"2834","name":"Ziefen","shortName":"Ziefen"},"district":{"key":"1303","name":"Bezirk Liestal"},"canton":{"key":"13","code":"BL","name":"Basel-Landschaft"},"status":"Real"},{"key":"10155992","name":"Juchhof","postalCode":"4417","locality":"Ziefen","commune":{"key":"2834","name":"Ziefen","shortName":"Ziefen"},"district":{"key":"1303","name":"Bezirk Liestal"},"canton":{"key":"13","code":"BL","name":"Basel-Landschaft"},"status":"Real"},{"key":"10118332","name":"Katzental","postalCode":"4417","locality":"Ziefen","commune":{"key":"2834","name":"Ziefen","shortName":"Ziefen"},"district":{"key":"1303","name":"Bezirk Liestal"},"canton":{"key":"13","code":"BL","name":"Basel-Landschaft"},"status":"Real"},{"key":"10053834","name":"Kirchberg","postalCode":"4417","locality":"Ziefen","commune":{"key":"2834","name":"Ziefen","shortName":"Ziefen"},"district":{"key":"1303","name":"Bezirk Liestal"},"canton":{"key":"13","code":"BL","name":"Basel-Landschaft"},"status":"Real"},{"key":"10027742","name":"Kirchgasse","postalCode":"4417","locality":"Ziefen","commune":{"key":"2834","name":"Ziefen","shortName":"Ziefen"},"district":{"key":"1303","name":"Bezirk Liestal"},"canton":{"key":"13","code":"BL","name":"Basel-Landschaft"},"status":"Real"},{"key":"10141215","name":"Kirchweg","postalCode":"4417","locality":"Ziefen","commune":{"key":"2834","name":"Ziefen","shortName":"Ziefen"},"district":{"key":"1303","name":"Bezirk Liestal"},"canton":{"key":"13","code":"BL","name":"Basel-Landschaft"},"status":"Real"},{"key":"10152204","name":"Kohlmatt","postalCode":"4417","locality":"Ziefen","commune":{"key":"2834","name":"Ziefen","shortName":"Ziefen"},"district":{"key":"1303","name":"Bezirk Liestal"},"canton":{"key":"13","code":"BL","name":"Basel-Landschaft"},"status":"Real"},{"key":"10243725","name":"Kohlmattstrasse","postalCode":"4417","locality":"Ziefen","commune":{"key":"2834","name":"Ziefen","shortName":"Ziefen"},"district":{"key":"1303","name":"Bezirk Liestal"},"canton":{"key":"13","code":"BL","name":"Basel-Landschaft"},"status":"Real"},{"key":"10155995","name":"Köpfli","postalCode":"4417","locality":"Ziefen","commune":{"key":"2834","name":"Ziefen","shortName":"Ziefen"},"district":{"key":"1303","name":"Bezirk Liestal"},"canton":{"key":"13","code":"BL","name":"Basel-Landschaft"},"status":"Real"},{"key":"10140472","name":"Kreuzweg","postalCode":"4417","locality":"Ziefen","commune":{"key":"2834","name":"Ziefen","shortName":"Ziefen"},"district":{"key":"1303","name":"Bezirk Liestal"},"canton":{"key":"13","code":"BL","name":"Basel-Landschaft"},"status":"Real"},{"key":"10112929","name":"Leimen","postalCode":"4417","locality":"Ziefen","commune":{"key":"2834","name":"Ziefen","shortName":"Ziefen"},"district":{"key":"1303","name":"Bezirk Liestal"},"canton":{"key":"13","code":"BL","name":"Basel-Landschaft"},"status":"Real"},{"key":"10207509","name":"Leimenweg","postalCode":"4417","locality":"Ziefen","commune":{"key":"2834","name":"Ziefen","shortName":"Ziefen"},"district":{"key":"1303","name":"Bezirk Liestal"},"canton":{"key":"13","code":"BL","name":"Basel-Landschaft"},"status":"Real"},{"key":"10116703","name":"Lupsingerstrasse","postalCode":"4417","locality":"Ziefen","commune":{"key":"2834","name":"Ziefen","shortName":"Ziefen"},"district":{"key":"1303","name":"Bezirk Liestal"},"canton":{"key":"13","code":"BL","name":"Basel-Landschaft"},"status":"Real"},{"key":"10112930","name":"Mittlerer Rebweg","postalCode":"4417","locality":"Ziefen","commune":{"key":"2834","name":"Ziefen","shortName":"Ziefen"},"district":{"key":"1303","name":"Bezirk Liestal"},"canton":{"key":"13","code":"BL","name":"Basel-Landschaft"},"status":"Real"},{"key":"10027743","name":"Mühlegasse","postalCode":"4417","locality":"Ziefen","commune":{"key":"2834","name":"Ziefen","shortName":"Ziefen"},"district":{"key":"1303","name":"Bezirk Liestal"},"canton":{"key":"13","code":"BL","name":"Basel-Landschaft"},"status":"Real"},{"key":"10112931","name":"Müllersweid","postalCode":"4417","locality":"Ziefen","commune":{"key":"2834","name":"Ziefen","shortName":"Ziefen"},"district":{"key":"1303","name":"Bezirk Liestal"},"canton":{"key":"13","code":"BL","name":"Basel-Landschaft"},"status":"Real"},{"key":"10027744","name":"Obere Fürhäupten","postalCode":"4417","locality":"Ziefen","commune":{"key":"2834","name":"Ziefen","shortName":"Ziefen"},"district":{"key":"1303","name":"Bezirk Liestal"},"canton":{"key":"13","code":"BL","name":"Basel-Landschaft"},"status":"Real"},{"key":"10140502","name":"Oberer Rebweg","postalCode":"4417","locality":"Ziefen","commune":{"key":"2834","name":"Ziefen","shortName":"Ziefen"},"district":{"key":"1303","name":"Bezirk Liestal"},"canton":{"key":"13","code":"BL","name":"Basel-Landschaft"},"status":"Real"},{"key":"10155997","name":"Obertal","postalCode":"4417","locality":"Ziefen","commune":{"key":"2834","name":"Ziefen","shortName":"Ziefen"},"district":{"key":"1303","name":"Bezirk Liestal"},"canton":{"key":"13","code":"BL","name":"Basel-Landschaft"},"status":"Real"},{"key":"10047556","name":"Rebgasse","postalCode":"4417","locality":"Ziefen","commune":{"key":"2834","name":"Ziefen","shortName":"Ziefen"},"district":{"key":"1303","name":"Bezirk Liestal"},"canton":{"key":"13","code":"BL","name":"Basel-Landschaft"},"status":"Real"},{"key":"10179238","name":"Rebweg","postalCode":"4417","locality":"Ziefen","commune":{"key":"2834","name":"Ziefen","shortName":"Ziefen"},"district":{"key":"1303","name":"Bezirk Liestal"},"canton":{"key":"13","code":"BL","name":"Basel-Landschaft"},"status":"Real"},{"key":"10072800","name":"Ribigärtli","postalCode":"4417","locality":"Ziefen","commune":{"key":"2834","name":"Ziefen","shortName":"Ziefen"},"district":{"key":"1303","name":"Bezirk Liestal"},"canton":{"key":"13","code":"BL","name":"Basel-Landschaft"},"status":"Real"},{"key":"10112932","name":"Riedbach","postalCode":"4417","locality":"Ziefen","commune":{"key":"2834","name":"Ziefen","shortName":"Ziefen"},"district":{"key":"1303","name":"Bezirk Liestal"},"canton":{"key":"13","code":"BL","name":"Basel-Landschaft"},"status":"Real"},{"key":"10243729","name":"Rosacherweg","postalCode":"4417","locality":"Ziefen","commune":{"key":"2834","name":"Ziefen","shortName":"Ziefen"},"district":{"key":"1303","name":"Bezirk Liestal"},"canton":{"key":"13","code":"BL","name":"Basel-Landschaft"},"status":"Real"},{"key":"10155998","name":"Schulgass","postalCode":"4417","locality":"Ziefen","commune":{"key":"2834","name":"Ziefen","shortName":"Ziefen"},"district":{"key":"1303","name":"Bezirk Liestal"},"canton":{"key":"13","code":"BL","name":"Basel-Landschaft"},"status":"Real"},{"key":"10096243","name":"Sevogelweg","postalCode":"4417","locality":"Ziefen","commune":{"key":"2834","name":"Ziefen","shortName":"Ziefen"},"district":{"key":"1303","name":"Bezirk Liestal"},"canton":{"key":"13","code":"BL","name":"Basel-Landschaft"},"status":"Real"},{"key":"10140491","name":"Steinacherweglein","postalCode":"4417","locality":"Ziefen","commune":{"key":"2834","name":"Ziefen","shortName":"Ziefen"},"district":{"key":"1303","name":"Bezirk Liestal"},"canton":{"key":"13","code":"BL","name":"Basel-Landschaft"},"status":"Real"},{"key":"10112935","name":"Steinacker","postalCode":"4417","locality":"Ziefen","commune":{"key":"2834","name":"Ziefen","shortName":"Ziefen"},"district":{"key":"1303","name":"Bezirk Liestal"},"canton":{"key":"13","code":"BL","name":"Basel-Landschaft"},"status":"Real"},{"key":"10027745","name":"Steinenbühl","postalCode":"4417","locality":"Ziefen","commune":{"key":"2834","name":"Ziefen","shortName":"Ziefen"},"district":{"key":"1303","name":"Bezirk Liestal"},"canton":{"key":"13","code":"BL","name":"Basel-Landschaft"},"status":"Real"},{"key":"10140503","name":"Totenweg","postalCode":"4417","locality":"Ziefen","commune":{"key":"2834","name":"Ziefen","shortName":"Ziefen"},"district":{"key":"1303","name":"Bezirk Liestal"},"canton":{"key":"13","code":"BL","name":"Basel-Landschaft"},"status":"Real"},{"key":"10047557","name":"Untere Eienstrasse","postalCode":"4417","locality":"Ziefen","commune":{"key":"2834","name":"Ziefen","shortName":"Ziefen"},"district":{"key":"1303","name":"Bezirk Liestal"},"canton":{"key":"13","code":"BL","name":"Basel-Landschaft"},"status":"Real"},{"key":"10072801","name":"Untere Fürhäupten","postalCode":"4417","locality":"Ziefen","commune":{"key":"2834","name":"Ziefen","shortName":"Ziefen"},"district":{"key":"1303","name":"Bezirk Liestal"},"canton":{"key":"13","code":"BL","name":"Basel-Landschaft"},"status":"Real"},{"key":"10156000","name":"Unterer Rebweg","postalCode":"4417","locality":"Ziefen","commune":{"key":"2834","name":"Ziefen","shortName":"Ziefen"},"district":{"key":"1303","name":"Bezirk Liestal"},"canton":{"key":"13","code":"BL","name":"Basel-Landschaft"},"status":"Real"},{"key":"10112937","name":"Voreichstrasse","postalCode":"4417","locality":"Ziefen","commune":{"key":"2834","name":"Ziefen","shortName":"Ziefen"},"district":{"key":"1303","name":"Bezirk Liestal"},"canton":{"key":"13","code":"BL","name":"Basel-Landschaft"},"status":"Real"},{"key":"10140489","name":"Wattelenweg","postalCode":"4417","locality":"Ziefen","commune":{"key":"2834","name":"Ziefen","shortName":"Ziefen"},"district":{"key":"1303","name":"Bezirk Liestal"},"canton":{"key":"13","code":"BL","name":"Basel-Landschaft"},"status":"Real"},{"key":"10243733","name":"Weidweg","postalCode":"4417","locality":"Ziefen","commune":{"key":"2834","name":"Ziefen","shortName":"Ziefen"},"district":{"key":"1303","name":"Bezirk Liestal"},"canton":{"key":"13","code":"BL","name":"Basel-Landschaft"},"status":"Real"},]